size;num_candidates;num_voters;model_id;params;color;alpha;family_id;label;marker;show;path
1;10;50;approval_id;{'p':0.5};brown;0.75;ID 0.5;ID 0.5;*;t;{}
1;10;50;approval_ic;{'p':0.5};black;0.75;IC 0.5;IC 0.5;*;t;{}
1;10;50;approval_full;{};red;0.75;full;full;*;t;{}
1;10;50;approval_empty;{};green;0.75;empty;empty;*;t;{}
20;10;50;approval_id;{};brown;0.7;background_id;background_id;.;t;{'variable': 'p'}
20;10;50;approval_ic;{};black;0.7;background_ic;background_ic;.;t;{'variable': 'p'}
10;10;50;approval_resampling;{'p': 0.1};blue;0.15;background_1;background_1;.;t;{'variable': 'phi'}
13;10;50;approval_resampling;{'p': 0.2};blue;0.15;background_2;background_2;.;t;{'variable': 'phi'}
16;10;50;approval_resampling;{'p': 0.3};blue;0.15;background_3;background_3;.;t;{'variable': 'phi'}
18;10;50;approval_resampling;{'p': 0.4};blue;0.15;background_4;background_4;.;t;{'variable': 'phi'}
20;10;50;approval_resampling;{'p': 0.5};blue;0.15;background_5;background_5;.;t;{'variable': 'phi'}
18;10;50;approval_resampling;{'p': 0.6};blue;0.15;background_6;background_6;.;t;{'variable': 'phi'}
16;10;50;approval_resampling;{'p': 0.7};blue;0.15;background_7;background_7;.;t;{'variable': 'phi'}
13;10;50;approval_resampling;{'p': 0.8};blue;0.15;background_8;background_8;.;t;{'variable': 'phi'}
10;10;50;approval_resampling;{'p': 0.9};blue;0.15;background_9;background_9;.;t;{'variable': 'phi'}
8;10;50;approval_disjoint_resampling;{'g': 2, 'p': [0.05, 0.5]};Green;1;Disjoint g=2;Disjoint g=2 _path;o;t;{'variable': 'phi'}
8;10;50;approval_disjoint_resampling;{'g': 3, 'p': [0.05, 0.33]};Green;1;Disjoint g=3;Disjoint g=3 _path;o;t;{'variable': 'phi'}
8;10;50;approval_disjoint_resampling;{'g': 4, 'p': [0.05, 0.25]};Green;1;Disjoint g=4;Disjoint g=4 _path;o;t;{'variable': 'phi'}
8;10;50;approval_disjoint_resampling;{'g': 5, 'p': [0.05, 0.2]};Green;1;Disjoint g=5;Disjoint g=5 _path;o;t;{'variable': 'phi'}
8;10;50;approval_disjoint_resampling;{'g': 6, 'p': [0.05, 0.166]};Green;1;Disjoint g=6;Disjoint g=6 _path;o;t;{'variable': 'phi'}
50;10;50;approval_truncated_urn;{};orange;0.95;truncated_urn;truncated_urn _path;o;t;{'variable': 'phi'}
5;10;50;approval_noise_model;{'p': 0.1};blue;0.95;hamming_1;hamming_1 _path;o;t;{'variable': 'phi'}
5;10;50;approval_noise_model;{'p': 0.2};blue;0.95;hamming_2;hamming_2 _path;o;t;{'variable': 'phi'}
5;10;50;approval_noise_model;{'p': 0.3};blue;0.95;hamming_3;hamming_3 _path;o;t;{'variable': 'phi'}
5;10;50;approval_noise_model;{'p': 0.4};blue;0.95;hamming_4;hamming_4 _path;o;t;{'variable': 'phi'}
5;10;50;approval_noise_model;{'p': 0.5};blue;0.95;hamming_5;hamming_5 _path;o;t;{'variable': 'phi'}
5;10;50;approval_noise_model;{'p': 0.6};blue;0.95;hamming_6;hamming_6 _path;o;t;{'variable': 'phi'}
5;10;50;approval_noise_model;{'p': 0.7};blue;0.95;hamming_7;hamming_7 _path;o;t;{'variable': 'phi'}
5;10;50;approval_noise_model;{'p': 0.8};blue;0.95;hamming_8;hamming_8 _path;o;t;{'variable': 'phi'}
5;10;50;approval_noise_model;{'p': 0.9};blue;0.95;hamming_9;hamming_9 _path;o;t;{'variable': 'phi'}
25;10;50;approval_vcr;{'dim': 1, 'space': 'uniform'};blue;1;1D;1D _path;o;t;{'variable': 'p_dist', 'start': 0.01, 'step': 0.01}
25;10;50;approval_vcr;{'dim': 2, 'space': 'uniform'};green;1;2D;2D _path;o;t;{'variable': 'p_dist', 'start': 0.02, 'step': 0.02}
