election_id;value
ID 0.5;1.0
IC 0.5;1.0
full;1.0
empty;0.0
background_id_0;1.0
background_id_1;1.0
background_id_2;1.0
background_id_3;1.0
background_id_4;1.0
background_id_5;1.0
background_id_6;1.0
background_id_7;1.0
background_id_8;1.0
background_id_9;1.0
background_id_10;1.0
background_id_11;1.0
background_id_12;1.0
background_id_13;1.0
background_id_14;1.0
background_id_15;1.0
background_id_16;1.0
background_id_17;1.0
background_id_18;1.0
background_id_19;1.0
background_id_20;1.0
background_id_21;1.0
background_id_22;1.0
background_id_23;1.0
background_id_24;1.0
background_id_25;1.0
background_id_26;1.0
background_id_27;1.0
background_id_28;1.0
background_ic_0;0.0
background_ic_1;0.0
background_ic_2;0.993
background_ic_3;1.0
background_ic_4;1.0
background_ic_5;1.0
background_ic_6;1.0
background_ic_7;1.0
background_ic_8;1.0
background_ic_9;1.0
background_ic_10;1.0
background_ic_11;1.0
background_ic_12;1.0
background_ic_13;1.0
background_ic_14;1.0
background_ic_15;1.0
background_ic_16;1.0
background_ic_17;1.0
background_ic_18;1.0
background_ic_19;1.0
background_ic_20;1.0
background_ic_21;1.0
background_ic_22;1.0
background_ic_23;1.0
background_ic_24;1.0
background_ic_25;1.0
background_ic_26;1.0
background_ic_27;1.0
background_ic_28;1.0
background_v1_0;0.985
background_v1_1;1.0
background_v1_2;1.0
background_v1_3;1.0
background_v1_4;1.0
background_v1_5;1.0
background_v1_6;1.0
background_v1_7;1.0
background_v1_8;1.0
background_v1_9;1.0
background_v1_10;1.0
background_v1_11;1.0
background_v1_12;1.0
background_v1_13;1.0
background_v1_14;1.0
background_v1_15;1.0
background_v1_16;1.0
background_v1_17;1.0
background_v1_18;1.0
background_v1_19;1.0
background_v1_20;1.0
background_v1_21;1.0
background_v1_22;1.0
background_v1_23;1.0
background_v1_24;1.0
background_v1_25;1.0
background_v1_26;1.0
background_v1_27;1.0
background_v1_28;1.0
background_v2_0;0.882
background_v2_1;0.986
background_v2_2;1.0
background_v2_3;1.0
background_v2_4;1.0
background_v2_5;1.0
background_v2_6;1.0
background_v2_7;1.0
background_v2_8;1.0
background_v2_9;1.0
background_v2_10;1.0
background_v2_11;1.0
background_v2_12;1.0
background_v2_13;1.0
background_v2_14;1.0
background_v2_15;1.0
background_v2_16;1.0
background_v2_17;1.0
background_v2_18;1.0
background_v2_19;1.0
background_v2_20;1.0
background_v2_21;1.0
background_v2_22;1.0
background_v2_23;1.0
background_v2_24;1.0
background_v2_25;1.0
background_v2_26;1.0
background_v2_27;1.0
background_v2_28;1.0
background_v3_0;0.591
background_v3_1;0.878
background_v3_2;0.982
background_v3_3;1.0
background_v3_4;1.0
background_v3_5;1.0
background_v3_6;1.0
background_v3_7;1.0
background_v3_8;1.0
background_v3_9;1.0
background_v3_10;1.0
background_v3_11;1.0
background_v3_12;1.0
background_v3_13;1.0
background_v3_14;1.0
background_v3_15;1.0
background_v3_16;1.0
background_v3_17;1.0
background_v3_18;1.0
background_v3_19;1.0
background_v3_20;1.0
background_v3_21;1.0
background_v3_22;1.0
background_v3_23;1.0
background_v3_24;1.0
background_v3_25;1.0
background_v3_26;1.0
background_v3_27;1.0
background_v3_28;1.0
background_h1_0;1.0
background_h1_1;1.0
background_h1_2;1.0
background_h1_3;0.992
background_h1_4;0.965
background_h2_0;1.0
background_h2_1;1.0
background_h2_2;1.0
background_h2_3;1.0
background_h2_4;1.0
background_h2_5;1.0
background_h2_6;1.0
background_h2_7;1.0
background_h2_8;1.0
background_h3_0;1.0
background_h3_1;1.0
background_h3_2;1.0
background_h3_3;1.0
background_h3_4;1.0
background_h3_5;1.0
background_h3_6;1.0
background_h3_7;1.0
background_h3_8;1.0
background_h3_9;1.0
background_h3_10;1.0
background_h3_11;1.0
background_h4_0;1.0
background_h4_1;1.0
background_h4_2;1.0
background_h4_3;1.0
background_h4_4;1.0
background_h4_5;1.0
background_h4_6;1.0
background_h4_7;1.0
background_h4_8;1.0
background_h4_9;1.0
background_h4_10;1.0
background_h4_11;1.0
background_h4_12;1.0
background_h5_0;1.0
background_h5_1;1.0
background_h5_2;1.0
background_h5_3;1.0
background_h5_4;1.0
background_h5_5;1.0
background_h5_6;1.0
background_h5_7;1.0
background_h5_8;1.0
background_h5_9;1.0
background_h5_10;1.0
background_h5_11;1.0
background_h5_12;1.0
background_h5_13;1.0
background_h6_0;1.0
background_h6_1;1.0
background_h6_2;1.0
background_h6_3;1.0
background_h6_4;1.0
background_h6_5;1.0
background_h6_6;1.0
background_h6_7;1.0
background_h6_8;1.0
background_h6_9;1.0
background_h6_10;1.0
background_h6_11;1.0
background_h6_12;1.0
background_h7_0;1.0
background_h7_1;1.0
background_h7_2;1.0
background_h7_3;1.0
background_h7_4;1.0
background_h7_5;1.0
background_h7_6;1.0
background_h7_7;1.0
background_h7_8;1.0
background_h7_9;1.0
background_h7_10;1.0
background_h7_11;1.0
background_h8_0;1.0
background_h8_1;1.0
background_h8_2;1.0
background_h8_3;1.0
background_h8_4;1.0
background_h8_5;1.0
background_h8_6;1.0
background_h8_7;1.0
background_h8_8;1.0
background_h9_0;1.0
background_h9_1;1.0
background_h9_2;1.0
background_h9_3;1.0
background_h9_4;1.0
hamming_1_0;1.0
hamming_1_1;1.0
hamming_1_2;1.0
hamming_1_3;1.0
hamming_1_4;1.0
hamming_1_5;1.0
hamming_1_6;1.0
hamming_1_7;1.0
hamming_1_8;1.0
hamming_1_9;1.0
hamming_1_10;1.0
hamming_1_11;1.0
hamming_1_12;1.0
hamming_1_13;1.0
hamming_1_14;1.0
hamming_1_15;1.0
hamming_1_16;1.0
hamming_1_17;1.0
hamming_1_18;1.0
hamming_1_19;1.0
hamming_1_20;1.0
hamming_1_21;1.0
hamming_1_22;1.0
hamming_1_23;1.0
hamming_1_24;1.0
hamming_2_0;1.0
hamming_2_1;1.0
hamming_2_2;1.0
hamming_2_3;1.0
hamming_2_4;1.0
hamming_2_5;1.0
hamming_2_6;1.0
hamming_2_7;1.0
hamming_2_8;1.0
hamming_2_9;1.0
hamming_2_10;1.0
hamming_2_11;1.0
hamming_2_12;1.0
hamming_2_13;1.0
hamming_2_14;1.0
hamming_2_15;1.0
hamming_2_16;1.0
hamming_2_17;1.0
hamming_2_18;1.0
hamming_2_19;1.0
hamming_2_20;1.0
hamming_2_21;1.0
hamming_2_22;1.0
hamming_2_23;1.0
hamming_2_24;1.0
hamming_3_0;1.0
hamming_3_1;1.0
hamming_3_2;1.0
hamming_3_3;1.0
hamming_3_4;1.0
hamming_3_5;1.0
hamming_3_6;1.0
hamming_3_7;1.0
hamming_3_8;1.0
hamming_3_9;1.0
hamming_3_10;1.0
hamming_3_11;1.0
hamming_3_12;1.0
hamming_3_13;1.0
hamming_3_14;1.0
hamming_3_15;1.0
hamming_3_16;1.0
hamming_3_17;1.0
hamming_3_18;1.0
hamming_3_19;1.0
hamming_3_20;1.0
hamming_3_21;1.0
hamming_3_22;1.0
hamming_3_23;1.0
hamming_3_24;1.0
hamming_4_0;1.0
hamming_4_1;1.0
hamming_4_2;1.0
hamming_4_3;1.0
hamming_4_4;1.0
hamming_4_5;1.0
hamming_4_6;1.0
hamming_4_7;1.0
hamming_4_8;1.0
hamming_4_9;1.0
hamming_4_10;1.0
hamming_4_11;1.0
hamming_4_12;1.0
hamming_4_13;1.0
hamming_4_14;1.0
hamming_4_15;1.0
hamming_4_16;1.0
hamming_4_17;1.0
hamming_4_18;1.0
hamming_4_19;1.0
hamming_4_20;1.0
hamming_4_21;1.0
hamming_4_22;1.0
hamming_4_23;1.0
hamming_4_24;1.0
hamming_5_0;1.0
hamming_5_1;1.0
hamming_5_2;1.0
hamming_5_3;1.0
hamming_5_4;1.0
hamming_5_5;1.0
hamming_5_6;1.0
hamming_5_7;1.0
hamming_5_8;1.0
hamming_5_9;1.0
hamming_5_10;1.0
hamming_5_11;1.0
hamming_5_12;1.0
hamming_5_13;1.0
hamming_5_14;1.0
hamming_5_15;1.0
hamming_5_16;1.0
hamming_5_17;1.0
hamming_5_18;1.0
hamming_5_19;1.0
hamming_5_20;1.0
hamming_5_21;1.0
hamming_5_22;1.0
hamming_5_23;1.0
hamming_5_24;1.0
hamming_6_0;1.0
hamming_6_1;1.0
hamming_6_2;1.0
hamming_6_3;1.0
hamming_6_4;1.0
hamming_6_5;1.0
hamming_6_6;1.0
hamming_6_7;1.0
hamming_6_8;1.0
hamming_6_9;1.0
hamming_6_10;1.0
hamming_6_11;1.0
hamming_6_12;1.0
hamming_6_13;1.0
hamming_6_14;1.0
hamming_6_15;1.0
hamming_6_16;1.0
hamming_6_17;1.0
hamming_6_18;1.0
hamming_6_19;1.0
hamming_6_20;1.0
hamming_6_21;1.0
hamming_6_22;1.0
hamming_6_23;1.0
hamming_6_24;1.0
hamming_7_0;1.0
hamming_7_1;1.0
hamming_7_2;1.0
hamming_7_3;1.0
hamming_7_4;1.0
hamming_7_5;1.0
hamming_7_6;1.0
hamming_7_7;1.0
hamming_7_8;1.0
hamming_7_9;1.0
hamming_7_10;1.0
hamming_7_11;1.0
hamming_7_12;1.0
hamming_7_13;1.0
hamming_7_14;1.0
hamming_7_15;1.0
hamming_7_16;1.0
hamming_7_17;1.0
hamming_7_18;1.0
hamming_7_19;1.0
hamming_7_20;1.0
hamming_7_21;1.0
hamming_7_22;1.0
hamming_7_23;1.0
hamming_7_24;1.0
hamming_8_0;1.0
hamming_8_1;1.0
hamming_8_2;1.0
hamming_8_3;1.0
hamming_8_4;1.0
hamming_8_5;1.0
hamming_8_6;1.0
hamming_8_7;1.0
hamming_8_8;1.0
hamming_8_9;1.0
hamming_8_10;1.0
hamming_8_11;1.0
hamming_8_12;1.0
hamming_8_13;1.0
hamming_8_14;1.0
hamming_8_15;1.0
hamming_8_16;1.0
hamming_8_17;1.0
hamming_8_18;1.0
hamming_8_19;1.0
hamming_8_20;1.0
hamming_8_21;1.0
hamming_8_22;1.0
hamming_8_23;1.0
hamming_8_24;1.0
hamming_9_0;1.0
hamming_9_1;1.0
hamming_9_2;1.0
hamming_9_3;1.0
hamming_9_4;1.0
hamming_9_5;1.0
hamming_9_6;1.0
hamming_9_7;1.0
hamming_9_8;1.0
hamming_9_9;1.0
hamming_9_10;1.0
hamming_9_11;1.0
hamming_9_12;1.0
hamming_9_13;1.0
hamming_9_14;1.0
hamming_9_15;1.0
hamming_9_16;1.0
hamming_9_17;1.0
hamming_9_18;1.0
hamming_9_19;1.0
hamming_9_20;1.0
hamming_9_21;1.0
hamming_9_22;1.0
hamming_9_23;1.0
hamming_9_24;1.0
