election_id;value;bound;num_large_parties
ID 0.5;1000.0
IC 0.5;529.0
full;1000.0
empty;0.0
background_id_0;1000.0
background_id_1;1000.0
background_id_2;1000.0
background_id_3;1000.0
background_id_4;1000.0
background_id_5;1000.0
background_id_6;1000.0
background_id_7;1000.0
background_id_8;1000.0
background_id_9;1000.0
background_id_10;1000.0
background_id_11;1000.0
background_id_12;1000.0
background_id_13;1000.0
background_id_14;1000.0
background_id_15;1000.0
background_id_16;1000.0
background_id_17;1000.0
background_id_18;1000.0
background_id_19;1000.0
background_id_20;1000.0
background_id_21;1000.0
background_id_22;1000.0
background_id_23;1000.0
background_id_24;1000.0
background_id_25;1000.0
background_id_26;1000.0
background_id_27;1000.0
background_id_28;1000.0
background_ic_0;54.0
background_ic_1;87.0
background_ic_2;124.0
background_ic_3;158.0
background_ic_4;202.0
background_ic_5;239.0
background_ic_6;267.0
background_ic_7;302.0
background_ic_8;336.0
background_ic_9;372.0
background_ic_10;408.0
background_ic_11;437.0
background_ic_12;470.0
background_ic_13;513.0
background_ic_14;541.0
background_ic_15;578.0
background_ic_16;607.0
background_ic_17;634.0
background_ic_18;659.0
background_ic_19;702.0
background_ic_20;742.0
background_ic_21;759.0
background_ic_22;798.0
background_ic_23;830.0
background_ic_24;858.0
background_ic_25;888.0
background_ic_26;924.0
background_ic_27;953.0
background_ic_28;981.0
background_v1_0;764.0
background_v1_1;772.0
background_v1_2;803.0
background_v1_3;809.0
background_v1_4;829.0
background_v1_5;819.0
background_v1_6;840.0
background_v1_7;844.0
background_v1_8;848.0
background_v1_9;858.0
background_v1_10;866.0
background_v1_11;867.0
background_v1_12;884.0
background_v1_13;899.0
background_v1_14;896.0
background_v1_15;911.0
background_v1_16;917.0
background_v1_17;912.0
background_v1_18;933.0
background_v1_19;935.0
background_v1_20;944.0
background_v1_21;955.0
background_v1_22;962.0
background_v1_23;972.0
background_v1_24;973.0
background_v1_25;980.0
background_v1_26;986.0
background_v1_27;992.0
background_v1_28;997.0
background_v2_0;539.0
background_v2_1;561.0
background_v2_2;571.0
background_v2_3;583.0
background_v2_4;609.0
background_v2_5;621.0
background_v2_6;641.0
background_v2_7;655.0
background_v2_8;682.0
background_v2_9;700.0
background_v2_10;725.0
background_v2_11;727.0
background_v2_12;746.0
background_v2_13;777.0
background_v2_14;791.0
background_v2_15;823.0
background_v2_16;812.0
background_v2_17;833.0
background_v2_18;851.0
background_v2_19;862.0
background_v2_20;879.0
background_v2_21;882.0
background_v2_22;911.0
background_v2_23;921.0
background_v2_24;935.0
background_v2_25;949.0
background_v2_26;965.0
background_v2_27;979.0
background_v2_28;992.0
background_v3_0;274.0
background_v3_1;325.0
background_v3_2;359.0
background_v3_3;397.0
background_v3_4;393.0
background_v3_5;451.0
background_v3_6;462.0
background_v3_7;471.0
background_v3_8;515.0
background_v3_9;533.0
background_v3_10;553.0
background_v3_11;579.0
background_v3_12;624.0
background_v3_13;626.0
background_v3_14;660.0
background_v3_15;684.0
background_v3_16;700.0
background_v3_17;730.0
background_v3_18;753.0
background_v3_19;782.0
background_v3_20;813.0
background_v3_21;831.0
background_v3_22;858.0
background_v3_23;871.0
background_v3_24;902.0
background_v3_25;920.0
background_v3_26;942.0
background_v3_27;968.0
background_v3_28;987.0
background_h1_0;865.0
background_h1_1;720.0
background_h1_2;570.0
background_h1_3;421.0
background_h1_4;272.0
background_h2_0;938.0
background_h2_1;881.0
background_h2_2;785.0
background_h2_3;708.0
background_h2_4;619.0
background_h2_5;551.0
background_h2_6;466.0
background_h2_7;389.0
background_h2_8;299.0
background_h3_0;963.0
background_h3_1;905.0
background_h3_2;865.0
background_h3_3;810.0
background_h3_4;769.0
background_h3_5;700.0
background_h3_6;642.0
background_h3_7;609.0
background_h3_8;542.0
background_h3_9;497.0
background_h3_10;441.0
background_h3_11;379.0
background_h4_0;966.0
background_h4_1;934.0
background_h4_2;888.0
background_h4_3;849.0
background_h4_4;810.0
background_h4_5;770.0
background_h4_6;727.0
background_h4_7;688.0
background_h4_8;648.0
background_h4_9;606.0
background_h4_10;553.0
background_h4_11;519.0
background_h4_12;476.0
background_h5_0;983.0
background_h5_1;952.0
background_h5_2;919.0
background_h5_3;897.0
background_h5_4;860.0
background_h5_5;825.0
background_h5_6;796.0
background_h5_7;764.0
background_h5_8;731.0
background_h5_9;698.0
background_h5_10;672.0
background_h5_11;636.0
background_h5_12;591.0
background_h5_13;558.0
background_h6_0;981.0
background_h6_1;964.0
background_h6_2;936.0
background_h6_3;905.0
background_h6_4;891.0
background_h6_5;861.0
background_h6_6;821.0
background_h6_7;807.0
background_h6_8;784.0
background_h6_9;750.0
background_h6_10;718.0
background_h6_11;693.0
background_h6_12;673.0
background_h7_0;987.0
background_h7_1;973.0
background_h7_2;947.0
background_h7_3;935.0
background_h7_4;906.0
background_h7_5;885.0
background_h7_6;865.0
background_h7_7;843.0
background_h7_8;823.0
background_h7_9;801.0
background_h7_10;784.0
background_h7_11;753.0
background_h8_0;988.0
background_h8_1;970.0
background_h8_2;959.0
background_h8_3;937.0
background_h8_4;919.0
background_h8_5;901.0
background_h8_6;882.0
background_h8_7;872.0
background_h8_8;846.0
background_h9_0;992.0
background_h9_1;980.0
background_h9_2;965.0
background_h9_3;950.0
background_h9_4;936.0
hamming_1_0;972.0
hamming_1_1;940.0
hamming_1_2;905.0
hamming_1_3;884.0
hamming_1_4;850.0
hamming_1_5;822.0
hamming_1_6;802.0
hamming_1_7;781.0
hamming_1_8;761.0
hamming_1_9;747.0
hamming_1_10;724.0
hamming_1_11;727.0
hamming_1_12;692.0
hamming_1_13;663.0
hamming_1_14;656.0
hamming_1_15;636.0
hamming_1_16;637.0
hamming_1_17;611.0
hamming_1_18;616.0
hamming_1_19;585.0
hamming_1_20;582.0
hamming_1_21;567.0
hamming_1_22;570.0
hamming_1_23;554.0
hamming_1_24;546.0
hamming_2_0;976.0
hamming_2_1;946.0
hamming_2_2;923.0
hamming_2_3;888.0
hamming_2_4;857.0
hamming_2_5;826.0
hamming_2_6;798.0
hamming_2_7;786.0
hamming_2_8;769.0
hamming_2_9;752.0
hamming_2_10;735.0
hamming_2_11;712.0
hamming_2_12;690.0
hamming_2_13;671.0
hamming_2_14;664.0
hamming_2_15;649.0
hamming_2_16;639.0
hamming_2_17;621.0
hamming_2_18;610.0
hamming_2_19;615.0
hamming_2_20;580.0
hamming_2_21;575.0
hamming_2_22;548.0
hamming_2_23;544.0
hamming_2_24;533.0
hamming_3_0;977.0
hamming_3_1;943.0
hamming_3_2;916.0
hamming_3_3;889.0
hamming_3_4;868.0
hamming_3_5;847.0
hamming_3_6;814.0
hamming_3_7;795.0
hamming_3_8;769.0
hamming_3_9;752.0
hamming_3_10;740.0
hamming_3_11;718.0
hamming_3_12;715.0
hamming_3_13;687.0
hamming_3_14;658.0
hamming_3_15;648.0
hamming_3_16;626.0
hamming_3_17;615.0
hamming_3_18;602.0
hamming_3_19;592.0
hamming_3_20;585.0
hamming_3_21;575.0
hamming_3_22;559.0
hamming_3_23;541.0
hamming_3_24;543.0
hamming_4_0;976.0
hamming_4_1;941.0
hamming_4_2;925.0
hamming_4_3;884.0
hamming_4_4;863.0
hamming_4_5;840.0
hamming_4_6;806.0
hamming_4_7;796.0
hamming_4_8;776.0
hamming_4_9;766.0
hamming_4_10;733.0
hamming_4_11;703.0
hamming_4_12;695.0
hamming_4_13;679.0
hamming_4_14;667.0
hamming_4_15;656.0
hamming_4_16;643.0
hamming_4_17;627.0
hamming_4_18;602.0
hamming_4_19;597.0
hamming_4_20;590.0
hamming_4_21;592.0
hamming_4_22;553.0
hamming_4_23;554.0
hamming_4_24;547.0
hamming_5_0;977.0
hamming_5_1;946.0
hamming_5_2;917.0
hamming_5_3;886.0
hamming_5_4;861.0
hamming_5_5;850.0
hamming_5_6;812.0
hamming_5_7;795.0
hamming_5_8;791.0
hamming_5_9;764.0
hamming_5_10;730.0
hamming_5_11;720.0
hamming_5_12;688.0
hamming_5_13;685.0
hamming_5_14;665.0
hamming_5_15;651.0
hamming_5_16;638.0
hamming_5_17;621.0
hamming_5_18;605.0
hamming_5_19;600.0
hamming_5_20;595.0
hamming_5_21;570.0
hamming_5_22;570.0
hamming_5_23;563.0
hamming_5_24;540.0
hamming_6_0;974.0
hamming_6_1;949.0
hamming_6_2;916.0
hamming_6_3;887.0
hamming_6_4;871.0
hamming_6_5;842.0
hamming_6_6;817.0
hamming_6_7;792.0
hamming_6_8;768.0
hamming_6_9;754.0
hamming_6_10;736.0
hamming_6_11;712.0
hamming_6_12;713.0
hamming_6_13;686.0
hamming_6_14;683.0
hamming_6_15;663.0
hamming_6_16;638.0
hamming_6_17;647.0
hamming_6_18;609.0
hamming_6_19;604.0
hamming_6_20;586.0
hamming_6_21;589.0
hamming_6_22;567.0
hamming_6_23;560.0
hamming_6_24;532.0
hamming_7_0;974.0
hamming_7_1;955.0
hamming_7_2;926.0
hamming_7_3;884.0
hamming_7_4;865.0
hamming_7_5;828.0
hamming_7_6;820.0
hamming_7_7;797.0
hamming_7_8;770.0
hamming_7_9;754.0
hamming_7_10;731.0
hamming_7_11;715.0
hamming_7_12;705.0
hamming_7_13;681.0
hamming_7_14;678.0
hamming_7_15;650.0
hamming_7_16;635.0
hamming_7_17;622.0
hamming_7_18;621.0
hamming_7_19;606.0
hamming_7_20;583.0
hamming_7_21;577.0
hamming_7_22;571.0
hamming_7_23;552.0
hamming_7_24;543.0
hamming_8_0;976.0
hamming_8_1;950.0
hamming_8_2;923.0
hamming_8_3;889.0
hamming_8_4;860.0
hamming_8_5;840.0
hamming_8_6;828.0
hamming_8_7;793.0
hamming_8_8;773.0
hamming_8_9;758.0
hamming_8_10;753.0
hamming_8_11;727.0
hamming_8_12;711.0
hamming_8_13;680.0
hamming_8_14;665.0
hamming_8_15;656.0
hamming_8_16;634.0
hamming_8_17;627.0
hamming_8_18;616.0
hamming_8_19;594.0
hamming_8_20;597.0
hamming_8_21;578.0
hamming_8_22;566.0
hamming_8_23;560.0
hamming_8_24;545.0
hamming_9_0;979.0
hamming_9_1;947.0
hamming_9_2;917.0
hamming_9_3;886.0
hamming_9_4;863.0
hamming_9_5;840.0
hamming_9_6;814.0
hamming_9_7;798.0
hamming_9_8;768.0
hamming_9_9;754.0
hamming_9_10;733.0
hamming_9_11;721.0
hamming_9_12;705.0
hamming_9_13;677.0
hamming_9_14;670.0
hamming_9_15;660.0
hamming_9_16;633.0
hamming_9_17;619.0
hamming_9_18;614.0
hamming_9_19;592.0
hamming_9_20;590.0
hamming_9_21;585.0
hamming_9_22;568.0
hamming_9_23;557.0
hamming_9_24;553.0
