election_id;value
ID 0.5;0.41231679916381836
IC 0.5;672.0770537853241
full;0.2224738597869873
empty;0.011448860168457031
background_id_0;0.11720013618469238
background_id_1;1.7318954467773438
background_id_2;0.2699284553527832
background_id_3;0.266754150390625
background_id_4;0.2738034725189209
background_id_5;0.27319812774658203
background_id_6;0.27333736419677734
background_id_7;0.29689717292785645
background_id_8;0.27802515029907227
background_id_9;1.4161224365234375
background_id_10;0.28484129905700684
background_id_11;0.2838594913482666
background_id_12;0.29431700706481934
background_id_13;0.32237792015075684
background_id_14;0.2927975654602051
background_id_15;1.4305131435394287
background_id_16;0.2948310375213623
background_id_17;0.3190484046936035
background_id_18;0.30637407302856445
background_id_19;0.30344247817993164
background_id_20;0.31426262855529785
background_id_21;0.3594372272491455
background_id_22;1.529881477355957
background_id_23;0.3331172466278076
background_id_24;0.344010591506958
background_id_25;0.34261441230773926
background_id_26;0.33223414421081543
background_id_27;0.36170029640197754
background_id_28;0.358320951461792
background_ic_0;0.21275973320007324
background_ic_1;22.679215908050537
background_ic_2;100.40562701225281
background_ic_3;761.5828149318695
background_ic_4;458.5681948661804
background_ic_5;391.1187644004822
background_ic_6;1011.5108540058136
background_ic_7;1088.2588748931885
background_ic_8;1551.254715204239
background_ic_9;259.8710136413574
background_ic_10;417.8664484024048
background_ic_11;300.3333306312561
background_ic_12;176.09097695350647
background_ic_13;184.2503604888916
background_ic_14;149.7678940296173
background_ic_15;93.65610790252686
background_ic_16;72.67668461799622
background_ic_17;82.6479082107544
background_ic_18;80.97231030464172
background_ic_19;42.634454011917114
background_ic_20;12.249715328216553
background_ic_21;55.93046712875366
background_ic_22;37.726258277893066
background_ic_23;1.150395154953003
background_ic_24;38.825122594833374
background_ic_25;1.0527610778808594
background_ic_26;0.6456971168518066
background_ic_27;0.8487462997436523
background_ic_28;0.7834632396697998
background_v1_0;0.08518099784851074
background_v1_1;1.6006321907043457
background_v1_2;0.19982242584228516
background_v1_3;0.33453917503356934
background_v1_4;0.41042327880859375
background_v1_5;0.46786952018737793
background_v1_6;0.5527312755584717
background_v1_7;0.7567439079284668
background_v1_8;1.9804041385650635
background_v1_9;0.7595596313476562
background_v1_10;0.940032958984375
background_v1_11;1.1548700332641602
background_v1_12;1.8618557453155518
background_v1_13;1.1754958629608154
background_v1_14;0.7545046806335449
background_v1_15;1.7510926723480225
background_v1_16;0.6369142532348633
background_v1_17;0.5784544944763184
background_v1_18;1.0988361835479736
background_v1_19;0.5621891021728516
background_v1_20;0.6309738159179688
background_v1_21;0.550290584564209
background_v1_22;1.913623571395874
background_v1_23;0.6670238971710205
background_v1_24;0.6194500923156738
background_v1_25;0.759476900100708
background_v1_26;0.6392016410827637
background_v1_27;0.4891691207885742
background_v1_28;0.5028390884399414
background_v2_0;0.0899665355682373
background_v2_1;0.16089081764221191
background_v2_2;0.18542098999023438
background_v2_3;0.46866869926452637
background_v2_4;1.5569088459014893
background_v2_5;1.3971502780914307
background_v2_6;22.83296489715576
background_v2_7;1.5151805877685547
background_v2_8;14.874692916870117
background_v2_9;7.5639495849609375
background_v2_10;14.377617359161377
background_v2_11;58.15756106376648
background_v2_12;5.620234966278076
background_v2_13;5.84238862991333
background_v2_14;43.52608299255371
background_v2_15;1.724832534790039
background_v2_16;2.2379531860351562
background_v2_17;2.6536900997161865
background_v2_18;1.7702770233154297
background_v2_19;1.3661551475524902
background_v2_20;0.9822125434875488
background_v2_21;1.17570161819458
background_v2_22;2.4670724868774414
background_v2_23;1.901595115661621
background_v2_24;0.6482088565826416
background_v2_25;0.792076826095581
background_v2_26;0.7996828556060791
background_v2_27;0.6200859546661377
background_v2_28;1.8031554222106934
background_v3_0;0.09627604484558105
background_v3_1;0.1659238338470459
background_v3_2;0.1656942367553711
background_v3_3;0.6675577163696289
background_v3_4;2.794684648513794
background_v3_5;9.61009168624878
background_v3_6;10.635536670684814
background_v3_7;13.477505922317505
background_v3_8;13.603887796401978
background_v3_9;12.720124006271362
background_v3_10;42.10923790931702
background_v3_11;13.426850318908691
background_v3_12;47.30095458030701
background_v3_13;15.308249235153198
background_v3_14;41.039045572280884
background_v3_15;19.340171813964844
background_v3_16;40.79211735725403
background_v3_17;6.925058603286743
background_v3_18;2.096452474594116
background_v3_19;19.463117837905884
background_v3_20;39.42759346961975
background_v3_21;3.0587751865386963
background_v3_22;3.2593023777008057
background_v3_23;1.005509853363037
background_v3_24;1.1469502449035645
background_v3_25;1.1149711608886719
background_v3_26;0.9416086673736572
background_v3_27;0.9636480808258057
background_v3_28;2.1577682495117188
background_h1_0;0.2089064121246338
background_h1_1;0.19145894050598145
background_h1_2;0.18708348274230957
background_h1_3;0.18455100059509277
background_h1_4;0.16629314422607422
background_h2_0;0.3342740535736084
background_h2_1;2.1536190509796143
background_h2_2;0.9505941867828369
background_h2_3;1.557962417602539
background_h2_4;3.763339042663574
background_h2_5;4.6126322746276855
background_h2_6;6.465983629226685
background_h2_7;6.210069417953491
background_h2_8;6.517915487289429
background_h3_0;0.34572458267211914
background_h3_1;0.5042698383331299
background_h3_2;0.8052637577056885
background_h3_3;0.9576780796051025
background_h3_4;51.52614951133728
background_h3_5;4.134389877319336
background_h3_6;7.656763792037964
background_h3_7;10.264240980148315
background_h3_8;12.581310033798218
background_h3_9;11.959001064300537
background_h3_10;15.372455358505249
background_h3_11;13.284005641937256
background_h4_0;0.524716854095459
background_h4_1;1.9653303623199463
background_h4_2;0.5465657711029053
background_h4_3;0.8964681625366211
background_h4_4;1.0414581298828125
background_h4_5;1.3778572082519531
background_h4_6;10.60407304763794
background_h4_7;50.546491861343384
background_h4_8;19.849406480789185
background_h4_9;37.40909934043884
background_h4_10;33.27898931503296
background_h4_11;15.881023168563843
background_h4_12;19.58266019821167
background_h5_0;0.5471653938293457
background_h5_1;0.6601181030273438
background_h5_2;1.9965968132019043
background_h5_3;1.3841841220855713
background_h5_4;0.6566817760467529
background_h5_5;1.4439187049865723
background_h5_6;1.8539464473724365
background_h5_7;36.88172483444214
background_h5_8;10.983675479888916
background_h5_9;14.344383239746094
background_h5_10;19.66941523551941
background_h5_11;22.07502269744873
background_h5_12;53.92282676696777
background_h5_13;17.339702129364014
background_h6_0;0.5696661472320557
background_h6_1;0.7914588451385498
background_h6_2;2.1436750888824463
background_h6_3;1.8514065742492676
background_h6_4;0.9398303031921387
background_h6_5;1.6678118705749512
background_h6_6;2.780211925506592
background_h6_7;1.9398314952850342
background_h6_8;1.5901999473571777
background_h6_9;9.463947534561157
background_h6_10;7.86095929145813
background_h6_11;13.807435512542725
background_h6_12;39.70521807670593
background_h7_0;0.6319897174835205
background_h7_1;0.8867166042327881
background_h7_2;0.7311837673187256
background_h7_3;2.0202698707580566
background_h7_4;0.6149077415466309
background_h7_5;1.2648530006408691
background_h7_6;1.2961032390594482
background_h7_7;1.101200819015503
background_h7_8;2.941065549850464
background_h7_9;9.897791385650635
background_h7_10;48.83928179740906
background_h7_11;1.909914255142212
background_h8_0;0.5602095127105713
background_h8_1;0.6253571510314941
background_h8_2;0.8049306869506836
background_h8_3;0.7581853866577148
background_h8_4;1.0106587409973145
background_h8_5;3.8914904594421387
background_h8_6;1.1672532558441162
background_h8_7;1.9283640384674072
background_h8_8;5.955196142196655
background_h9_0;0.5339081287384033
background_h9_1;0.725656270980835
background_h9_2;0.7422773838043213
background_h9_3;2.4181830883026123
background_h9_4;0.9690852165222168
hamming_1_0;0.2174980640411377
hamming_1_1;0.20934653282165527
hamming_1_2;0.2226104736328125
hamming_1_3;1.380063533782959
hamming_1_4;0.24811577796936035
hamming_1_5;0.2527651786804199
hamming_1_6;0.2641305923461914
hamming_1_7;0.27248096466064453
hamming_1_8;0.29798412322998047
hamming_1_9;0.2956733703613281
hamming_1_10;1.5208182334899902
hamming_1_11;0.3134732246398926
hamming_1_12;0.3204052448272705
hamming_1_13;0.3364553451538086
hamming_1_14;0.3338649272918701
hamming_1_15;0.3585693836212158
hamming_1_16;0.37005162239074707
hamming_1_17;1.6265857219696045
hamming_1_18;0.3830564022064209
hamming_1_19;0.4114048480987549
hamming_1_20;0.5000734329223633
hamming_1_21;0.5259902477264404
hamming_1_22;1.0072331428527832
hamming_1_23;20.83196234703064
hamming_1_24;96.39199995994568
hamming_2_0;0.28957486152648926
hamming_2_1;0.34076714515686035
hamming_2_2;0.5150229930877686
hamming_2_3;0.5343015193939209
hamming_2_4;0.720679759979248
hamming_2_5;0.516082763671875
hamming_2_6;2.5272440910339355
hamming_2_7;0.9351077079772949
hamming_2_8;2.5727639198303223
hamming_2_9;0.6257026195526123
hamming_2_10;1.2000088691711426
hamming_2_11;1.1241416931152344
hamming_2_12;1.8629448413848877
hamming_2_13;5.547731637954712
hamming_2_14;1.0706844329833984
hamming_2_15;4.64047908782959
hamming_2_16;1.5044736862182617
hamming_2_17;3.641977310180664
hamming_2_18;3.9534037113189697
hamming_2_19;1.6785213947296143
hamming_2_20;7.375053405761719
hamming_2_21;4.424561977386475
hamming_2_22;11.970353841781616
hamming_2_23;13.676274299621582
hamming_2_24;154.60554337501526
hamming_3_0;0.32338476181030273
hamming_3_1;0.3840956687927246
hamming_3_2;1.8391540050506592
hamming_3_3;0.4700160026550293
hamming_3_4;0.833916425704956
hamming_3_5;1.0050628185272217
hamming_3_6;0.8632941246032715
hamming_3_7;0.6479623317718506
hamming_3_8;4.528376817703247
hamming_3_9;3.5500147342681885
hamming_3_10;2.261530876159668
hamming_3_11;4.423015356063843
hamming_3_12;16.550579071044922
hamming_3_13;2.1564927101135254
hamming_3_14;7.898305177688599
hamming_3_15;4.94398045539856
hamming_3_16;7.709147930145264
hamming_3_17;12.027519702911377
hamming_3_18;2.4411182403564453
hamming_3_19;13.477092504501343
hamming_3_20;10.0583336353302
hamming_3_21;6.005439519882202
hamming_3_22;18.595634698867798
hamming_3_23;63.35696744918823
hamming_3_24;19.18878436088562
hamming_4_0;0.5175304412841797
hamming_4_1;0.5447797775268555
hamming_4_2;0.7059412002563477
hamming_4_3;0.9761078357696533
hamming_4_4;1.8518757820129395
hamming_4_5;3.450925588607788
hamming_4_6;46.43585681915283
hamming_4_7;1.049522876739502
hamming_4_8;9.492414474487305
hamming_4_9;1.8547892570495605
hamming_4_10;14.180945634841919
hamming_4_11;19.181523084640503
hamming_4_12;9.495447158813477
hamming_4_13;11.989084482192993
hamming_4_14;10.733648777008057
hamming_4_15;6.445563554763794
hamming_4_16;6.292402744293213
hamming_4_17;39.95833611488342
hamming_4_18;31.36734676361084
hamming_4_19;7.695373296737671
hamming_4_20;46.01891875267029
hamming_4_21;9.768108129501343
hamming_4_22;42.34958481788635
hamming_4_23;30.32322669029236
hamming_4_24;32.182371854782104
hamming_5_0;0.5907022953033447
hamming_5_1;1.970029354095459
hamming_5_2;0.5201046466827393
hamming_5_3;0.8572094440460205
hamming_5_4;1.3278417587280273
hamming_5_5;1.7596209049224854
hamming_5_6;1.4729845523834229
hamming_5_7;4.811156749725342
hamming_5_8;37.15087628364563
hamming_5_9;7.329864978790283
hamming_5_10;6.852326154708862
hamming_5_11;65.25875282287598
hamming_5_12;13.721596479415894
hamming_5_13;55.941147565841675
hamming_5_14;7.587993383407593
hamming_5_15;18.68501615524292
hamming_5_16;61.627979040145874
hamming_5_17;15.778259754180908
hamming_5_18;40.31839394569397
hamming_5_19;35.66525626182556
hamming_5_20;20.43477439880371
hamming_5_21;56.919586181640625
hamming_5_22;83.36276316642761
hamming_5_23;29.75368356704712
hamming_5_24;125.15359044075012
hamming_6_0;0.6481468677520752
hamming_6_1;0.5073745250701904
hamming_6_2;0.5842688083648682
hamming_6_3;2.004425287246704
hamming_6_4;3.543954610824585
hamming_6_5;1.063044786453247
hamming_6_6;1.9104464054107666
hamming_6_7;7.301361799240112
hamming_6_8;27.477959156036377
hamming_6_9;40.06152296066284
hamming_6_10;37.56298089027405
hamming_6_11;17.641812086105347
hamming_6_12;25.6892352104187
hamming_6_13;19.625266075134277
hamming_6_14;20.50680184364319
hamming_6_15;19.514892578125
hamming_6_16;21.738771438598633
hamming_6_17;17.000093460083008
hamming_6_18;20.18282961845398
hamming_6_19;48.947951793670654
hamming_6_20;41.87324070930481
hamming_6_21;45.94743204116821
hamming_6_22;57.75830817222595
hamming_6_23;58.458271503448486
hamming_6_24;146.9062056541443
hamming_7_0;1.8521411418914795
hamming_7_1;0.6845052242279053
hamming_7_2;0.5823009014129639
hamming_7_3;59.432281732559204
hamming_7_4;1.3678390979766846
hamming_7_5;43.57934212684631
hamming_7_6;40.1106333732605
hamming_7_7;34.91524910926819
hamming_7_8;9.238953590393066
hamming_7_9;10.230199337005615
hamming_7_10;58.655596017837524
hamming_7_11;49.533817768096924
hamming_7_12;12.195131063461304
hamming_7_13;18.789637804031372
hamming_7_14;53.81069898605347
hamming_7_15;62.80017018318176
hamming_7_16;18.46364951133728
hamming_7_17;95.94868445396423
hamming_7_18;52.566338539123535
hamming_7_19;15.225276947021484
hamming_7_20;142.5926628112793
hamming_7_21;14.685012578964233
hamming_7_22;21.528069257736206
hamming_7_23;94.30656862258911
hamming_7_24;21.170756578445435
hamming_8_0;0.6870605945587158
hamming_8_1;0.7956087589263916
hamming_8_2;0.5792391300201416
hamming_8_3;2.44805908203125
hamming_8_4;2.492788076400757
hamming_8_5;41.670695781707764
hamming_8_6;1.6342151165008545
hamming_8_7;72.51455330848694
hamming_8_8;44.87849426269531
hamming_8_9;1.308922529220581
hamming_8_10;53.47175645828247
hamming_8_11;54.280102252960205
hamming_8_12;25.426429748535156
hamming_8_13;67.69133067131042
hamming_8_14;76.09210991859436
hamming_8_15;72.39889526367188
hamming_8_16;76.9973030090332
hamming_8_17;61.073692083358765
hamming_8_18;86.23188185691833
hamming_8_19;82.1580879688263
hamming_8_20;27.75745964050293
hamming_8_21;91.48196220397949
hamming_8_22;63.658220291137695
hamming_8_23;72.04227685928345
hamming_8_24;62.44958519935608
hamming_9_0;0.6666405200958252
hamming_9_1;0.6260397434234619
hamming_9_2;1.1270725727081299
hamming_9_3;1.0570058822631836
hamming_9_4;1.6146039962768555
hamming_9_5;44.84055805206299
hamming_9_6;56.83096742630005
hamming_9_7;2.1702983379364014
hamming_9_8;37.86117911338806
hamming_9_9;9.871348142623901
hamming_9_10;10.946528196334839
hamming_9_11;49.15674161911011
hamming_9_12;60.45496678352356
hamming_9_13;87.22560834884644
hamming_9_14;19.069153785705566
hamming_9_15;59.909642457962036
hamming_9_16;40.89601016044617
hamming_9_17;76.52319860458374
hamming_9_18;57.444082736968994
hamming_9_19;239.85969400405884
hamming_9_20;93.422208070755
hamming_9_21;63.30977654457092
hamming_9_22;64.23391962051392
hamming_9_23;82.01699018478394
hamming_9_24;93.42189741134644
