election_id;x;y
ID 0.5;0.61434;-0.04345
IC 0.5;-0.52936;-0.04345
full;0.08883;0.96719
empty;0.08399;-1.03589
background_id_0;0.18193;-0.99332
background_id_1;0.27297;-0.92308
background_id_2;0.34717;-0.84783
background_id_3;0.38365;-0.79402
background_id_4;0.43684;-0.72549
background_id_5;0.47734;-0.65352
background_id_6;0.5046;-0.59586
background_id_7;0.53782;-0.52657
background_id_8;0.55797;-0.451
background_id_9;0.5783;-0.397
background_id_10;0.6006;-0.32856
background_id_11;0.5976;-0.25365
background_id_12;0.62694;-0.19969
background_id_13;0.62353;-0.12836
background_id_14;0.63443;-0.04272
background_id_15;0.62161;0.02231
background_id_16;0.63228;0.09376
background_id_17;0.60322;0.16429
background_id_18;0.61465;0.21865
background_id_19;0.59051;0.2932
background_id_20;0.56909;0.36168
background_id_21;0.55901;0.42227
background_id_22;0.52734;0.49284
background_id_23;0.49228;0.56435
background_id_24;0.4679;0.62262
background_id_25;0.42123;0.69249
background_id_26;0.36847;0.76535
background_id_27;0.32445;0.82308
background_id_28;0.23967;0.89698
background_ic_0;-0.03284;-0.95635
background_ic_1;-0.09447;-0.90519
background_ic_2;-0.16687;-0.84979
background_ic_3;-0.22723;-0.77017
background_ic_4;-0.27462;-0.71124
background_ic_5;-0.32407;-0.64173
background_ic_6;-0.3678;-0.589
background_ic_7;-0.39975;-0.5181
background_ic_8;-0.42647;-0.45621
background_ic_9;-0.45978;-0.38315
background_ic_10;-0.47731;-0.31064
background_ic_11;-0.51524;-0.25479
background_ic_12;-0.51726;-0.16974
background_ic_13;-0.50024;-0.0979
background_ic_14;-0.49;-0.00389
background_ic_15;-0.52846;0.05513
background_ic_16;-0.49443;0.101
background_ic_17;-0.52069;0.17432
background_ic_18;-0.49245;0.26036
background_ic_19;-0.43298;0.30796
background_ic_20;-0.42646;0.39603
background_ic_21;-0.39223;0.45106
background_ic_22;-0.35873;0.52088
background_ic_23;-0.32974;0.59477
background_ic_24;-0.25524;0.65984
background_ic_25;-0.1961;0.70835
background_ic_26;-0.15927;0.78129
background_ic_27;-0.08059;0.84356
background_ic_28;-0.01609;0.89871
background_v1_0;0.12717;-0.97214
background_v1_1;0.17092;-0.89027
background_v1_2;0.21248;-0.8146
background_v1_3;0.21028;-0.74278
background_v1_4;0.25556;-0.6911
background_v1_5;0.24745;-0.60906
background_v1_6;0.27699;-0.55105
background_v1_7;0.2532;-0.48616
background_v1_8;0.26257;-0.41118
background_v1_9;0.29596;-0.35895
background_v1_10;0.2807;-0.2934
background_v1_11;0.2858;-0.21965
background_v1_12;0.25372;-0.16449
background_v1_13;0.31886;-0.114
background_v1_14;0.2855;-0.04173
background_v1_15;0.28028;0.02408
background_v1_16;0.32429;0.07726
background_v1_17;0.29618;0.14879
background_v1_18;0.30871;0.20766
background_v1_19;0.25938;0.2702
background_v1_20;0.26255;0.34894
background_v1_21;0.31421;0.39419
background_v1_22;0.27669;0.46025
background_v1_23;0.26709;0.53107
background_v1_24;0.23303;0.5914
background_v1_25;0.2597;0.65583
background_v1_26;0.22183;0.7355
background_v1_27;0.21156;0.80424
background_v1_28;0.175;0.89083
background_v2_0;0.0733;-0.96995
background_v2_1;0.06888;-0.87977
background_v2_2;0.08523;-0.80365
background_v2_3;0.04646;-0.73511
background_v2_4;0.05412;-0.66946
background_v2_5;0.04376;-0.60334
background_v2_6;-0.01389;-0.54013
background_v2_7;0.0453;-0.47733
background_v2_8;0.00453;-0.41748
background_v2_9;-0.05687;-0.33186
background_v2_10;0.01739;-0.29218
background_v2_11;-0.00365;-0.22498
background_v2_12;-0.05054;-0.14616
background_v2_13;0.007;-0.10744
background_v2_14;-0.01979;-0.03523
background_v2_15;-0.03424;0.02559
background_v2_16;0.00504;0.07895
background_v2_17;0.00143;0.16311
background_v2_18;-0.05065;0.21032
background_v2_19;0.01024;0.26097
background_v2_20;0.02543;0.34039
background_v2_21;-0.04595;0.39015
background_v2_22;0.01215;0.44831
background_v2_23;0.0241;0.53775
background_v2_24;0.06049;0.5861
background_v2_25;0.07754;0.65382
background_v2_26;0.06834;0.74177
background_v2_27;0.1035;0.7932
background_v2_28;0.10918;0.88238
background_v3_0;0.01684;-0.97792
background_v3_1;-0.02121;-0.88181
background_v3_2;-0.06376;-0.80058
background_v3_3;-0.12452;-0.74319
background_v3_4;-0.11401;-0.67586
background_v3_5;-0.17671;-0.61188
background_v3_6;-0.19344;-0.54763
background_v3_7;-0.25155;-0.50739
background_v3_8;-0.22422;-0.41861
background_v3_9;-0.26401;-0.35482
background_v3_10;-0.30174;-0.29896
background_v3_11;-0.32047;-0.19569
background_v3_12;-0.27393;-0.16972
background_v3_13;-0.28859;-0.10111
background_v3_14;-0.30771;-0.00873
background_v3_15;-0.33465;0.04304
background_v3_16;-0.26519;0.08313
background_v3_17;-0.2978;0.14624
background_v3_18;-0.25438;0.23108
background_v3_19;-0.28327;0.28617
background_v3_20;-0.24139;0.39872
background_v3_21;-0.1817;0.42181
background_v3_22;-0.2173;0.49434
background_v3_23;-0.16671;0.5526
background_v3_24;-0.11615;0.61026
background_v3_25;-0.0901;0.67057
background_v3_26;-0.04708;0.75199
background_v3_27;0.00018;0.81369
background_v3_28;0.04875;0.89814
background_h1_0;0.27354;-0.81642
background_h1_1;0.15072;-0.79067
background_h1_2;0.04808;-0.81067
background_h1_3;-0.01384;-0.78466
background_h1_4;-0.11644;-0.81202
background_h2_0;0.38941;-0.61242
background_h2_1;0.31868;-0.62005
background_h2_2;0.19704;-0.59424
background_h2_3;0.12148;-0.59471
background_h2_4;0.04689;-0.55627
background_h2_5;-0.03515;-0.62488
background_h2_6;-0.11863;-0.59578
background_h2_7;-0.21644;-0.65251
background_h2_8;-0.28181;-0.6078
background_h3_0;0.46679;-0.42657
background_h3_1;0.38625;-0.41498
background_h3_2;0.31139;-0.4213
background_h3_3;0.19575;-0.38887
background_h3_4;0.12414;-0.40947
background_h3_5;0.05584;-0.39136
background_h3_6;-0.06141;-0.40547
background_h3_7;-0.12825;-0.38335
background_h3_8;-0.15519;-0.44266
background_h3_9;-0.26942;-0.43914
background_h3_10;-0.32576;-0.42736
background_h3_11;-0.3817;-0.4187
background_h4_0;0.50909;-0.23499
background_h4_1;0.43671;-0.22593
background_h4_2;0.34977;-0.2268
background_h4_3;0.22995;-0.21833
background_h4_4;0.14191;-0.1986
background_h4_5;0.07779;-0.23823
background_h4_6;-0.04912;-0.22025
background_h4_7;-0.11364;-0.22143
background_h4_8;-0.18399;-0.19331
background_h4_9;-0.25309;-0.23624
background_h4_10;-0.3334;-0.248
background_h4_11;-0.40253;-0.25842
background_h4_12;-0.45859;-0.21215
background_h5_0;0.52339;-0.03911
background_h5_1;0.44376;-0.03334
background_h5_2;0.36773;-0.02844
background_h5_3;0.22973;-0.04506
background_h5_4;0.16332;-0.04248
background_h5_5;0.10063;-0.01126
background_h5_6;0.0477;-0.02719
background_h5_7;-0.09193;-0.02223
background_h5_8;-0.13719;-0.04941
background_h5_9;-0.20062;-0.01457
background_h5_10;-0.26193;-0.0201
background_h5_11;-0.36818;-0.07525
background_h5_12;-0.40514;-0.02288
background_h5_13;-0.46821;-0.04504
background_h6_0;0.51603;0.16092
background_h6_1;0.42193;0.16094
background_h6_2;0.35881;0.1643
background_h6_3;0.22419;0.146
background_h6_4;0.15442;0.13881
background_h6_5;0.10271;0.16889
background_h6_6;-0.05104;0.1339
background_h6_7;-0.11553;0.14615
background_h6_8;-0.18229;0.18568
background_h6_9;-0.23347;0.15125
background_h6_10;-0.34896;0.2005
background_h6_11;-0.40052;0.16073
background_h6_12;-0.46311;0.18455
background_h7_0;0.47392;0.35314
background_h7_1;0.40081;0.34997
background_h7_2;0.31331;0.32953
background_h7_3;0.19962;0.34407
background_h7_4;0.13132;0.35078
background_h7_5;0.06783;0.30985
background_h7_6;-0.0393;0.32588
background_h7_7;-0.11769;0.34137
background_h7_8;-0.18035;0.34655
background_h7_9;-0.27243;0.34905
background_h7_10;-0.32916;0.37961
background_h7_11;-0.38531;0.35791
background_h8_0;0.39845;0.54568
background_h8_1;0.32271;0.55385
background_h8_2;0.20812;0.52328
background_h8_3;0.12623;0.52049
background_h8_4;0.06009;0.50376
background_h8_5;-0.04676;0.52589
background_h8_6;-0.1141;0.53783
background_h8_7;-0.20698;0.59193
background_h8_8;-0.2819;0.55242
background_h9_0;0.28065;0.74281
background_h9_1;0.17703;0.71954
background_h9_2;0.10368;0.7275
background_h9_3;-0.00631;0.72103
background_h9_4;-0.11048;0.75139
