election_id;value
ID 0.5;1.0
IC 0.5;1.0
full;1.0
empty;0.0
background_id_0;1.0
background_id_1;1.0
background_id_2;1.0
background_id_3;1.0
background_id_4;1.0
background_id_5;1.0
background_id_6;1.0
background_id_7;1.0
background_id_8;1.0
background_id_9;1.0
background_id_10;1.0
background_id_11;1.0
background_id_12;1.0
background_id_13;1.0
background_id_14;1.0
background_id_15;1.0
background_id_16;1.0
background_id_17;1.0
background_id_18;1.0
background_id_19;1.0
background_id_20;1.0
background_id_21;1.0
background_id_22;1.0
background_id_23;1.0
background_id_24;1.0
background_id_25;1.0
background_id_26;1.0
background_id_27;1.0
background_id_28;1.0
background_ic_0;0.0
background_ic_1;0.0
background_ic_2;0.996
background_ic_3;1.0
background_ic_4;1.0
background_ic_5;1.0
background_ic_6;1.0
background_ic_7;1.0
background_ic_8;1.0
background_ic_9;1.0
background_ic_10;1.0
background_ic_11;1.0
background_ic_12;1.0
background_ic_13;1.0
background_ic_14;1.0
background_ic_15;1.0
background_ic_16;1.0
background_ic_17;1.0
background_ic_18;1.0
background_ic_19;1.0
background_ic_20;1.0
background_ic_21;1.0
background_ic_22;1.0
background_ic_23;1.0
background_ic_24;1.0
background_ic_25;1.0
background_ic_26;1.0
background_ic_27;1.0
background_ic_28;1.0
background_v1_0;0.989
background_v1_1;0.999
background_v1_2;1.0
background_v1_3;1.0
background_v1_4;1.0
background_v1_5;1.0
background_v1_6;1.0
background_v1_7;1.0
background_v1_8;1.0
background_v1_9;1.0
background_v1_10;1.0
background_v1_11;1.0
background_v1_12;1.0
background_v1_13;1.0
background_v1_14;1.0
background_v1_15;1.0
background_v1_16;1.0
background_v1_17;1.0
background_v1_18;1.0
background_v1_19;1.0
background_v1_20;1.0
background_v1_21;1.0
background_v1_22;1.0
background_v1_23;1.0
background_v1_24;1.0
background_v1_25;1.0
background_v1_26;1.0
background_v1_27;1.0
background_v1_28;1.0
background_v2_0;0.877
background_v2_1;0.988
background_v2_2;1.0
background_v2_3;1.0
background_v2_4;1.0
background_v2_5;1.0
background_v2_6;1.0
background_v2_7;1.0
background_v2_8;1.0
background_v2_9;1.0
background_v2_10;1.0
background_v2_11;1.0
background_v2_12;1.0
background_v2_13;1.0
background_v2_14;1.0
background_v2_15;1.0
background_v2_16;1.0
background_v2_17;1.0
background_v2_18;1.0
background_v2_19;1.0
background_v2_20;1.0
background_v2_21;1.0
background_v2_22;1.0
background_v2_23;1.0
background_v2_24;1.0
background_v2_25;1.0
background_v2_26;1.0
background_v2_27;1.0
background_v2_28;1.0
background_v3_0;0.628
background_v3_1;0.877
background_v3_2;0.98
background_v3_3;1.0
background_v3_4;1.0
background_v3_5;1.0
background_v3_6;1.0
background_v3_7;1.0
background_v3_8;1.0
background_v3_9;1.0
background_v3_10;1.0
background_v3_11;1.0
background_v3_12;1.0
background_v3_13;1.0
background_v3_14;1.0
background_v3_15;1.0
background_v3_16;1.0
background_v3_17;1.0
background_v3_18;1.0
background_v3_19;1.0
background_v3_20;1.0
background_v3_21;1.0
background_v3_22;1.0
background_v3_23;1.0
background_v3_24;1.0
background_v3_25;1.0
background_v3_26;1.0
background_v3_27;1.0
background_v3_28;1.0
background_h1_0;1.0
background_h1_1;1.0
background_h1_2;1.0
background_h1_3;0.992
background_h1_4;0.947
background_h2_0;1.0
background_h2_1;1.0
background_h2_2;1.0
background_h2_3;1.0
background_h2_4;1.0
background_h2_5;1.0
background_h2_6;1.0
background_h2_7;1.0
background_h2_8;1.0
background_h3_0;1.0
background_h3_1;1.0
background_h3_2;1.0
background_h3_3;1.0
background_h3_4;1.0
background_h3_5;1.0
background_h3_6;1.0
background_h3_7;1.0
background_h3_8;1.0
background_h3_9;1.0
background_h3_10;1.0
background_h3_11;1.0
background_h4_0;1.0
background_h4_1;1.0
background_h4_2;1.0
background_h4_3;1.0
background_h4_4;1.0
background_h4_5;1.0
background_h4_6;1.0
background_h4_7;1.0
background_h4_8;1.0
background_h4_9;1.0
background_h4_10;1.0
background_h4_11;1.0
background_h4_12;1.0
background_h5_0;1.0
background_h5_1;1.0
background_h5_2;1.0
background_h5_3;1.0
background_h5_4;1.0
background_h5_5;1.0
background_h5_6;1.0
background_h5_7;1.0
background_h5_8;1.0
background_h5_9;1.0
background_h5_10;1.0
background_h5_11;1.0
background_h5_12;1.0
background_h5_13;1.0
background_h6_0;1.0
background_h6_1;1.0
background_h6_2;1.0
background_h6_3;1.0
background_h6_4;1.0
background_h6_5;1.0
background_h6_6;1.0
background_h6_7;1.0
background_h6_8;1.0
background_h6_9;1.0
background_h6_10;1.0
background_h6_11;1.0
background_h6_12;1.0
background_h7_0;1.0
background_h7_1;1.0
background_h7_2;1.0
background_h7_3;1.0
background_h7_4;1.0
background_h7_5;1.0
background_h7_6;1.0
background_h7_7;1.0
background_h7_8;1.0
background_h7_9;1.0
background_h7_10;1.0
background_h7_11;1.0
background_h8_0;1.0
background_h8_1;1.0
background_h8_2;1.0
background_h8_3;1.0
background_h8_4;1.0
background_h8_5;1.0
background_h8_6;1.0
background_h8_7;1.0
background_h8_8;1.0
background_h9_0;1.0
background_h9_1;1.0
background_h9_2;1.0
background_h9_3;1.0
background_h9_4;1.0
Disjoint g=2_0;1.0
Disjoint g=2_1;0.999
Disjoint g=2_2;0.999
Disjoint g=2_3;0.973
Disjoint g=2_4;1.0
Disjoint g=2_5;1.0
Disjoint g=2_6;1.0
Disjoint g=2_7;1.0
Disjoint g=2_8;1.0
Disjoint g=2_9;1.0
Disjoint g=2_10;0.98
Disjoint g=2_11;1.0
Disjoint g=2_12;1.0
Disjoint g=2_13;1.0
Disjoint g=2_14;1.0
Disjoint g=2_15;0.999
Disjoint g=2_16;1.0
Disjoint g=2_17;1.0
Disjoint g=2_18;1.0
Disjoint g=2_19;0.999
Disjoint g=2_20;0.999
Disjoint g=2_21;1.0
Disjoint g=2_22;0.984
Disjoint g=2_23;1.0
Disjoint g=2_24;1.0
Disjoint g=2_25;1.0
Disjoint g=2_26;0.999
Disjoint g=2_27;1.0
Disjoint g=2_28;1.0
Disjoint g=2_29;1.0
Disjoint g=2_30;0.999
Disjoint g=2_31;1.0
Disjoint g=2_32;1.0
Disjoint g=2_33;1.0
Disjoint g=2_34;0.999
Disjoint g=2_35;1.0
Disjoint g=2_36;1.0
Disjoint g=2_37;1.0
Disjoint g=2_38;1.0
Disjoint g=2_39;1.0
Disjoint g=2_40;1.0
Disjoint g=2_41;1.0
Disjoint g=2_42;1.0
Disjoint g=2_43;1.0
Disjoint g=2_44;1.0
Disjoint g=2_45;1.0
Disjoint g=2_46;1.0
Disjoint g=2_47;1.0
Disjoint g=2_48;1.0
Disjoint g=2_49;1.0
Disjoint g=3_0;1.0
Disjoint g=3_1;1.0
Disjoint g=3_2;1.0
Disjoint g=3_3;1.0
Disjoint g=3_4;0.944
Disjoint g=3_5;0.947
Disjoint g=3_6;1.0
Disjoint g=3_7;1.0
Disjoint g=3_8;0.999
Disjoint g=3_9;1.0
Disjoint g=3_10;0.986
Disjoint g=3_11;0.999
Disjoint g=3_12;0.961
Disjoint g=3_13;0.999
Disjoint g=3_14;0.999
Disjoint g=3_15;1.0
Disjoint g=3_16;0.999
Disjoint g=3_17;0.999
Disjoint g=3_18;1.0
Disjoint g=3_19;1.0
Disjoint g=3_20;0.999
Disjoint g=3_21;1.0
Disjoint g=3_22;1.0
Disjoint g=3_23;1.0
Disjoint g=3_24;1.0
Disjoint g=3_25;1.0
Disjoint g=3_26;1.0
Disjoint g=3_27;1.0
Disjoint g=3_28;1.0
Disjoint g=3_29;1.0
Disjoint g=3_30;1.0
Disjoint g=3_31;1.0
Disjoint g=3_32;1.0
Disjoint g=3_33;1.0
Disjoint g=3_34;0.824
Disjoint g=3_35;1.0
Disjoint g=3_36;1.0
Disjoint g=3_37;1.0
Disjoint g=3_38;0.999
Disjoint g=3_39;1.0
Disjoint g=3_40;0.968
Disjoint g=3_41;0.999
Disjoint g=3_42;1.0
Disjoint g=3_43;1.0
Disjoint g=3_44;0.294
Disjoint g=3_45;0.203
Disjoint g=3_46;1.0
Disjoint g=3_47;0.674
Disjoint g=3_48;0.999
Disjoint g=3_49;1.0
Disjoint g=4_0;0.956
Disjoint g=4_1;0.932
Disjoint g=4_2;0.985
Disjoint g=4_3;1.0
Disjoint g=4_4;0.995
Disjoint g=4_5;0.972
Disjoint g=4_6;0.995
Disjoint g=4_7;0.986
Disjoint g=4_8;0.996
Disjoint g=4_9;0.999
Disjoint g=4_10;1.0
Disjoint g=4_11;0.999
Disjoint g=4_12;0.952
Disjoint g=4_13;0.99
Disjoint g=4_14;0.931
Disjoint g=4_15;0.999
Disjoint g=4_16;0.999
Disjoint g=4_17;0.894
Disjoint g=4_18;0.991
Disjoint g=4_19;0.948
Disjoint g=4_20;1.0
Disjoint g=4_21;1.0
Disjoint g=4_22;1.0
Disjoint g=4_23;1.0
Disjoint g=4_24;0.967
Disjoint g=4_25;0.993
Disjoint g=4_26;1.0
Disjoint g=4_27;1.0
Disjoint g=4_28;1.0
Disjoint g=4_29;1.0
Disjoint g=4_30;0.946
Disjoint g=4_31;1.0
Disjoint g=4_32;1.0
Disjoint g=4_33;1.0
Disjoint g=4_34;0.999
Disjoint g=4_35;1.0
Disjoint g=4_36;0.997
Disjoint g=4_37;0.999
Disjoint g=4_38;1.0
Disjoint g=4_39;0.951
Disjoint g=4_40;1.0
Disjoint g=4_41;1.0
Disjoint g=4_42;0.999
Disjoint g=4_43;1.0
Disjoint g=4_44;1.0
Disjoint g=4_45;0.999
Disjoint g=4_46;1.0
Disjoint g=4_47;1.0
Disjoint g=4_48;1.0
Disjoint g=4_49;0.0
Disjoint g=5_0;1.0
Disjoint g=5_1;0.965
Disjoint g=5_2;0.96
Disjoint g=5_3;0.961
Disjoint g=5_4;0.994
Disjoint g=5_5;0.965
Disjoint g=5_6;0.959
Disjoint g=5_7;0.993
Disjoint g=5_8;0.993
Disjoint g=5_9;0.983
Disjoint g=5_10;1.0
Disjoint g=5_11;0.898
Disjoint g=5_12;0.996
Disjoint g=5_13;0.984
Disjoint g=5_14;0.999
Disjoint g=5_15;1.0
Disjoint g=5_16;1.0
Disjoint g=5_17;1.0
Disjoint g=5_18;0.981
Disjoint g=5_19;0.937
Disjoint g=5_20;1.0
Disjoint g=5_21;0.999
Disjoint g=5_22;0.999
Disjoint g=5_23;0.981
Disjoint g=5_24;0.998
Disjoint g=5_25;1.0
Disjoint g=5_26;0.999
Disjoint g=5_27;0.999
Disjoint g=5_28;0.984
Disjoint g=5_29;0.978
Disjoint g=5_30;0.893
Disjoint g=5_31;1.0
Disjoint g=5_32;0.851
Disjoint g=5_33;0.744
Disjoint g=5_34;1.0
Disjoint g=5_35;1.0
Disjoint g=5_36;1.0
Disjoint g=5_37;1.0
Disjoint g=5_38;1.0
Disjoint g=5_39;1.0
Disjoint g=5_40;0.999
Disjoint g=5_41;0.999
Disjoint g=5_42;0.375
Disjoint g=5_43;0.993
Disjoint g=5_44;0.999
Disjoint g=5_45;1.0
Disjoint g=5_46;0.803
Disjoint g=5_47;1.0
Disjoint g=5_48;1.0
Disjoint g=5_49;1.0
Disjoint g=6_0;0.927
Disjoint g=6_1;0.864
Disjoint g=6_2;0.938
Disjoint g=6_3;0.87
Disjoint g=6_4;0.87
Disjoint g=6_5;0.921
Disjoint g=6_6;0.986
Disjoint g=6_7;0.837
Disjoint g=6_8;0.985
Disjoint g=6_9;0.933
Disjoint g=6_10;0.94
Disjoint g=6_11;0.916
Disjoint g=6_12;0.988
Disjoint g=6_13;0.955
Disjoint g=6_14;0.98
Disjoint g=6_15;0.986
Disjoint g=6_16;0.995
Disjoint g=6_17;0.979
Disjoint g=6_18;1.0
Disjoint g=6_19;0.991
Disjoint g=6_20;0.999
Disjoint g=6_21;0.997
Disjoint g=6_22;0.997
Disjoint g=6_23;0.997
Disjoint g=6_24;0.962
Disjoint g=6_25;0.996
Disjoint g=6_26;0.892
Disjoint g=6_27;0.996
Disjoint g=6_28;0.958
Disjoint g=6_29;0.875
Disjoint g=6_30;1.0
Disjoint g=6_31;0.909
Disjoint g=6_32;1.0
Disjoint g=6_33;0.981
Disjoint g=6_34;0.999
Disjoint g=6_35;0.99
Disjoint g=6_36;1.0
Disjoint g=6_37;0.774
Disjoint g=6_38;1.0
Disjoint g=6_39;0.982
Disjoint g=6_40;1.0
Disjoint g=6_41;0.977
Disjoint g=6_42;0.792
Disjoint g=6_43;1.0
Disjoint g=6_44;0.0
Disjoint g=6_45;0.999
Disjoint g=6_46;1.0
Disjoint g=6_47;1.0
Disjoint g=6_48;1.0
Disjoint g=6_49;1.0
