election_id;value;bound;num_large_parties
ID 0.5;1000.0
IC 0.5;531.0
full;1000.0
empty;0.0
background_id_0;1000.0
background_id_1;1000.0
background_id_2;1000.0
background_id_3;1000.0
background_id_4;1000.0
background_id_5;1000.0
background_id_6;1000.0
background_id_7;1000.0
background_id_8;1000.0
background_id_9;1000.0
background_id_10;1000.0
background_id_11;1000.0
background_id_12;1000.0
background_id_13;1000.0
background_id_14;1000.0
background_id_15;1000.0
background_id_16;1000.0
background_id_17;1000.0
background_id_18;1000.0
background_id_19;1000.0
background_id_20;1000.0
background_id_21;1000.0
background_id_22;1000.0
background_id_23;1000.0
background_id_24;1000.0
background_id_25;1000.0
background_id_26;1000.0
background_id_27;1000.0
background_id_28;1000.0
background_ic_0;45.0
background_ic_1;84.0
background_ic_2;124.0
background_ic_3;170.0
background_ic_4;188.0
background_ic_5;230.0
background_ic_6;266.0
background_ic_7;295.0
background_ic_8;334.0
background_ic_9;376.0
background_ic_10;404.0
background_ic_11;447.0
background_ic_12;481.0
background_ic_13;504.0
background_ic_14;544.0
background_ic_15;571.0
background_ic_16;599.0
background_ic_17;633.0
background_ic_18;680.0
background_ic_19;704.0
background_ic_20;733.0
background_ic_21;770.0
background_ic_22;798.0
background_ic_23;829.0
background_ic_24;868.0
background_ic_25;897.0
background_ic_26;920.0
background_ic_27;953.0
background_ic_28;981.0
background_v1_0;770.0
background_v1_1;781.0
background_v1_2;784.0
background_v1_3;793.0
background_v1_4;810.0
background_v1_5;818.0
background_v1_6;832.0
background_v1_7;852.0
background_v1_8;845.0
background_v1_9;869.0
background_v1_10;860.0
background_v1_11;866.0
background_v1_12;881.0
background_v1_13;893.0
background_v1_14;897.0
background_v1_15;905.0
background_v1_16;907.0
background_v1_17;922.0
background_v1_18;920.0
background_v1_19;933.0
background_v1_20;942.0
background_v1_21;949.0
background_v1_22;959.0
background_v1_23;961.0
background_v1_24;968.0
background_v1_25;982.0
background_v1_26;987.0
background_v1_27;992.0
background_v1_28;997.0
background_v2_0;511.0
background_v2_1;566.0
background_v2_2;574.0
background_v2_3;598.0
background_v2_4;615.0
background_v2_5;632.0
background_v2_6;641.0
background_v2_7;664.0
background_v2_8;672.0
background_v2_9;694.0
background_v2_10;717.0
background_v2_11;726.0
background_v2_12;744.0
background_v2_13;757.0
background_v2_14;780.0
background_v2_15;796.0
background_v2_16;816.0
background_v2_17;822.0
background_v2_18;845.0
background_v2_19;861.0
background_v2_20;884.0
background_v2_21;886.0
background_v2_22;902.0
background_v2_23;921.0
background_v2_24;935.0
background_v2_25;952.0
background_v2_26;963.0
background_v2_27;979.0
background_v2_28;993.0
background_v3_0;300.0
background_v3_1;319.0
background_v3_2;346.0
background_v3_3;371.0
background_v3_4;390.0
background_v3_5;435.0
background_v3_6;452.0
background_v3_7;478.0
background_v3_8;502.0
background_v3_9;548.0
background_v3_10;567.0
background_v3_11;585.0
background_v3_12;604.0
background_v3_13;637.0
background_v3_14;681.0
background_v3_15;681.0
background_v3_16;706.0
background_v3_17;724.0
background_v3_18;746.0
background_v3_19;787.0
background_v3_20;805.0
background_v3_21;843.0
background_v3_22;854.0
background_v3_23;875.0
background_v3_24;895.0
background_v3_25;919.0
background_v3_26;948.0
background_v3_27;964.0
background_v3_28;985.0
background_h1_0;869.0
background_h1_1;721.0
background_h1_2;570.0
background_h1_3;410.0
background_h1_4;264.0
background_h2_0;933.0
background_h2_1;859.0
background_h2_2;778.0
background_h2_3;701.0
background_h2_4;629.0
background_h2_5;540.0
background_h2_6;479.0
background_h2_7;389.0
background_h2_8;300.0
background_h3_0;956.0
background_h3_1;907.0
background_h3_2;860.0
background_h3_3;798.0
background_h3_4;760.0
background_h3_5;707.0
background_h3_6;661.0
background_h3_7;598.0
background_h3_8;555.0
background_h3_9;501.0
background_h3_10;450.0
background_h3_11;374.0
background_h4_0;973.0
background_h4_1;934.0
background_h4_2;903.0
background_h4_3;851.0
background_h4_4;818.0
background_h4_5;775.0
background_h4_6;729.0
background_h4_7;691.0
background_h4_8;650.0
background_h4_9;590.0
background_h4_10;559.0
background_h4_11;526.0
background_h4_12;475.0
background_h5_0;980.0
background_h5_1;946.0
background_h5_2;913.0
background_h5_3;886.0
background_h5_4;854.0
background_h5_5;833.0
background_h5_6;796.0
background_h5_7;756.0
background_h5_8;729.0
background_h5_9;699.0
background_h5_10;675.0
background_h5_11;635.0
background_h5_12;603.0
background_h5_13;572.0
background_h6_0;984.0
background_h6_1;955.0
background_h6_2;933.0
background_h6_3;904.0
background_h6_4;881.0
background_h6_5;852.0
background_h6_6;847.0
background_h6_7;803.0
background_h6_8;778.0
background_h6_9;736.0
background_h6_10;722.0
background_h6_11;694.0
background_h6_12;675.0
background_h7_0;987.0
background_h7_1;966.0
background_h7_2;948.0
background_h7_3;929.0
background_h7_4;911.0
background_h7_5;895.0
background_h7_6;870.0
background_h7_7;843.0
background_h7_8;828.0
background_h7_9;797.0
background_h7_10;772.0
background_h7_11;754.0
background_h8_0;990.0
background_h8_1;972.0
background_h8_2;959.0
background_h8_3;940.0
background_h8_4;921.0
background_h8_5;910.0
background_h8_6;881.0
background_h8_7;866.0
background_h8_8;849.0
background_h9_0;991.0
background_h9_1;983.0
background_h9_2;966.0
background_h9_3;951.0
background_h9_4;933.0
Disjoint g=2_0;689.0
Disjoint g=2_1;550.0
Disjoint g=2_2;696.0
Disjoint g=2_3;917.0
Disjoint g=2_4;783.0
Disjoint g=2_5;829.0
Disjoint g=2_6;590.0
Disjoint g=2_7;773.0
Disjoint g=2_8;669.0
Disjoint g=2_9;603.0
Disjoint g=2_10;799.0
Disjoint g=2_11;873.0
Disjoint g=2_12;671.0
Disjoint g=2_13;594.0
Disjoint g=2_14;819.0
Disjoint g=2_15;639.0
Disjoint g=2_16;779.0
Disjoint g=2_17;503.0
Disjoint g=2_18;765.0
Disjoint g=2_19;532.0
Disjoint g=2_20;507.0
Disjoint g=2_21;694.0
Disjoint g=2_22;324.0
Disjoint g=2_23;593.0
Disjoint g=2_24;587.0
Disjoint g=2_25;512.0
Disjoint g=2_26;648.0
Disjoint g=2_27;460.0
Disjoint g=2_28;423.0
Disjoint g=2_29;443.0
Disjoint g=2_30;350.0
Disjoint g=2_31;351.0
Disjoint g=2_32;614.0
Disjoint g=2_33;454.0
Disjoint g=2_34;523.0
Disjoint g=2_35;465.0
Disjoint g=2_36;290.0
Disjoint g=2_37;508.0
Disjoint g=2_38;424.0
Disjoint g=2_39;397.0
Disjoint g=2_40;488.0
Disjoint g=2_41;501.0
Disjoint g=2_42;501.0
Disjoint g=2_43;440.0
Disjoint g=2_44;596.0
Disjoint g=2_45;338.0
Disjoint g=2_46;343.0
Disjoint g=2_47;230.0
Disjoint g=2_48;171.0
Disjoint g=2_49;383.0
Disjoint g=3_0;446.0
Disjoint g=3_1;447.0
Disjoint g=3_2;589.0
Disjoint g=3_3;355.0
Disjoint g=3_4;688.0
Disjoint g=3_5;764.0
Disjoint g=3_6;499.0
Disjoint g=3_7;466.0
Disjoint g=3_8;452.0
Disjoint g=3_9;502.0
Disjoint g=3_10;584.0
Disjoint g=3_11;385.0
Disjoint g=3_12;703.0
Disjoint g=3_13;451.0
Disjoint g=3_14;339.0
Disjoint g=3_15;489.0
Disjoint g=3_16;560.0
Disjoint g=3_17;678.0
Disjoint g=3_18;407.0
Disjoint g=3_19;338.0
Disjoint g=3_20;495.0
Disjoint g=3_21;672.0
Disjoint g=3_22;422.0
Disjoint g=3_23;452.0
Disjoint g=3_24;362.0
Disjoint g=3_25;247.0
Disjoint g=3_26;456.0
Disjoint g=3_27;477.0
Disjoint g=3_28;505.0
Disjoint g=3_29;311.0
Disjoint g=3_30;308.0
Disjoint g=3_31;482.0
Disjoint g=3_32;571.0
Disjoint g=3_33;254.0
Disjoint g=3_34;335.0
Disjoint g=3_35;401.0
Disjoint g=3_36;464.0
Disjoint g=3_37;314.0
Disjoint g=3_38;224.0
Disjoint g=3_39;382.0
Disjoint g=3_40;208.0
Disjoint g=3_41;331.0
Disjoint g=3_42;409.0
Disjoint g=3_43;339.0
Disjoint g=3_44;118.0
Disjoint g=3_45;112.0
Disjoint g=3_46;331.0
Disjoint g=3_47;130.0
Disjoint g=3_48;213.0
Disjoint g=3_49;333.0
Disjoint g=4_0;436.0
Disjoint g=4_1;558.0
Disjoint g=4_2;377.0
Disjoint g=4_3;348.0
Disjoint g=4_4;481.0
Disjoint g=4_5;363.0
Disjoint g=4_6;394.0
Disjoint g=4_7;630.0
Disjoint g=4_8;501.0
Disjoint g=4_9;307.0
Disjoint g=4_10;462.0
Disjoint g=4_11;325.0
Disjoint g=4_12;553.0
Disjoint g=4_13;344.0
Disjoint g=4_14;392.0
Disjoint g=4_15;257.0
Disjoint g=4_16;275.0
Disjoint g=4_17;444.0
Disjoint g=4_18;439.0
Disjoint g=4_19;366.0
Disjoint g=4_20;421.0
Disjoint g=4_21;484.0
Disjoint g=4_22;428.0
Disjoint g=4_23;287.0
Disjoint g=4_24;237.0
Disjoint g=4_25;302.0
Disjoint g=4_26;333.0
Disjoint g=4_27;389.0
Disjoint g=4_28;303.0
Disjoint g=4_29;414.0
Disjoint g=4_30;227.0
Disjoint g=4_31;273.0
Disjoint g=4_32;355.0
Disjoint g=4_33;330.0
Disjoint g=4_34;305.0
Disjoint g=4_35;345.0
Disjoint g=4_36;227.0
Disjoint g=4_37;317.0
Disjoint g=4_38;286.0
Disjoint g=4_39;177.0
Disjoint g=4_40;314.0
Disjoint g=4_41;306.0
Disjoint g=4_42;214.0
Disjoint g=4_43;224.0
Disjoint g=4_44;235.0
Disjoint g=4_45;190.0
Disjoint g=4_46;241.0
Disjoint g=4_47;290.0
Disjoint g=4_48;156.0
Disjoint g=4_49;83.0
Disjoint g=5_0;259.0
Disjoint g=5_1;269.0
Disjoint g=5_2;570.0
Disjoint g=5_3;428.0
Disjoint g=5_4;376.0
Disjoint g=5_5;598.0
Disjoint g=5_6;427.0
Disjoint g=5_7;603.0
Disjoint g=5_8;476.0
Disjoint g=5_9;343.0
Disjoint g=5_10;511.0
Disjoint g=5_11;360.0
Disjoint g=5_12;367.0
Disjoint g=5_13;442.0
Disjoint g=5_14;234.0
Disjoint g=5_15;337.0
Disjoint g=5_16;450.0
Disjoint g=5_17;295.0
Disjoint g=5_18;499.0
Disjoint g=5_19;400.0
Disjoint g=5_20;348.0
Disjoint g=5_21;317.0
Disjoint g=5_22;399.0
Disjoint g=5_23;357.0
Disjoint g=5_24;433.0
Disjoint g=5_25;273.0
Disjoint g=5_26;168.0
Disjoint g=5_27;260.0
Disjoint g=5_28;215.0
Disjoint g=5_29;234.0
Disjoint g=5_30;434.0
Disjoint g=5_31;360.0
Disjoint g=5_32;245.0
Disjoint g=5_33;223.0
Disjoint g=5_34;286.0
Disjoint g=5_35;337.0
Disjoint g=5_36;245.0
Disjoint g=5_37;243.0
Disjoint g=5_38;261.0
Disjoint g=5_39;202.0
Disjoint g=5_40;212.0
Disjoint g=5_41;226.0
Disjoint g=5_42;125.0
Disjoint g=5_43;152.0
Disjoint g=5_44;260.0
Disjoint g=5_45;276.0
Disjoint g=5_46;160.0
Disjoint g=5_47;191.0
Disjoint g=5_48;235.0
Disjoint g=5_49;205.0
Disjoint g=6_0;482.0
Disjoint g=6_1;352.0
Disjoint g=6_2;348.0
Disjoint g=6_3;545.0
Disjoint g=6_4;611.0
Disjoint g=6_5;387.0
Disjoint g=6_6;348.0
Disjoint g=6_7;449.0
Disjoint g=6_8;406.0
Disjoint g=6_9;347.0
Disjoint g=6_10;499.0
Disjoint g=6_11;237.0
Disjoint g=6_12;423.0
Disjoint g=6_13;344.0
Disjoint g=6_14;274.0
Disjoint g=6_15;281.0
Disjoint g=6_16;289.0
Disjoint g=6_17;305.0
Disjoint g=6_18;225.0
Disjoint g=6_19;288.0
Disjoint g=6_20;328.0
Disjoint g=6_21;539.0
Disjoint g=6_22;249.0
Disjoint g=6_23;300.0
Disjoint g=6_24;341.0
Disjoint g=6_25;305.0
Disjoint g=6_26;285.0
Disjoint g=6_27;218.0
Disjoint g=6_28;208.0
Disjoint g=6_29;242.0
Disjoint g=6_30;271.0
Disjoint g=6_31;202.0
Disjoint g=6_32;374.0
Disjoint g=6_33;189.0
Disjoint g=6_34;219.0
Disjoint g=6_35;199.0
Disjoint g=6_36;255.0
Disjoint g=6_37;170.0
Disjoint g=6_38;241.0
Disjoint g=6_39;170.0
Disjoint g=6_40;177.0
Disjoint g=6_41;189.0
Disjoint g=6_42;134.0
Disjoint g=6_43;251.0
Disjoint g=6_44;93.0
Disjoint g=6_45;155.0
Disjoint g=6_46;174.0
Disjoint g=6_47;151.0
Disjoint g=6_48;151.0
Disjoint g=6_49;138.0
