election_id;value
ID 0.5;0.41231679916381836
IC 0.5;672.0770537853241
full;0.2224738597869873
empty;0.011448860168457031
background_id_0;0.11720013618469238
background_id_1;1.7318954467773438
background_id_2;0.2699284553527832
background_id_3;0.266754150390625
background_id_4;0.2738034725189209
background_id_5;0.27319812774658203
background_id_6;0.27333736419677734
background_id_7;0.29689717292785645
background_id_8;0.27802515029907227
background_id_9;1.4161224365234375
background_id_10;0.28484129905700684
background_id_11;0.2838594913482666
background_id_12;0.29431700706481934
background_id_13;0.32237792015075684
background_id_14;0.2927975654602051
background_id_15;1.4305131435394287
background_id_16;0.2948310375213623
background_id_17;0.3190484046936035
background_id_18;0.30637407302856445
background_id_19;0.30344247817993164
background_id_20;0.31426262855529785
background_id_21;0.3594372272491455
background_id_22;1.529881477355957
background_id_23;0.3331172466278076
background_id_24;0.344010591506958
background_id_25;0.34261441230773926
background_id_26;0.33223414421081543
background_id_27;0.36170029640197754
background_id_28;0.358320951461792
background_ic_0;0.21275973320007324
background_ic_1;22.679215908050537
background_ic_2;100.40562701225281
background_ic_3;761.5828149318695
background_ic_4;458.5681948661804
background_ic_5;391.1187644004822
background_ic_6;1011.5108540058136
background_ic_7;1088.2588748931885
background_ic_8;1551.254715204239
background_ic_9;259.8710136413574
background_ic_10;417.8664484024048
background_ic_11;300.3333306312561
background_ic_12;176.09097695350647
background_ic_13;184.2503604888916
background_ic_14;149.7678940296173
background_ic_15;93.65610790252686
background_ic_16;72.67668461799622
background_ic_17;82.6479082107544
background_ic_18;80.97231030464172
background_ic_19;42.634454011917114
background_ic_20;12.249715328216553
background_ic_21;55.93046712875366
background_ic_22;37.726258277893066
background_ic_23;1.150395154953003
background_ic_24;38.825122594833374
background_ic_25;1.0527610778808594
background_ic_26;0.6456971168518066
background_ic_27;0.8487462997436523
background_ic_28;0.7834632396697998
background_v1_0;0.08518099784851074
background_v1_1;1.6006321907043457
background_v1_2;0.19982242584228516
background_v1_3;0.33453917503356934
background_v1_4;0.41042327880859375
background_v1_5;0.46786952018737793
background_v1_6;0.5527312755584717
background_v1_7;0.7567439079284668
background_v1_8;1.9804041385650635
background_v1_9;0.7595596313476562
background_v1_10;0.940032958984375
background_v1_11;1.1548700332641602
background_v1_12;1.8618557453155518
background_v1_13;1.1754958629608154
background_v1_14;0.7545046806335449
background_v1_15;1.7510926723480225
background_v1_16;0.6369142532348633
background_v1_17;0.5784544944763184
background_v1_18;1.0988361835479736
background_v1_19;0.5621891021728516
background_v1_20;0.6309738159179688
background_v1_21;0.550290584564209
background_v1_22;1.913623571395874
background_v1_23;0.6670238971710205
background_v1_24;0.6194500923156738
background_v1_25;0.759476900100708
background_v1_26;0.6392016410827637
background_v1_27;0.4891691207885742
background_v1_28;0.5028390884399414
background_v2_0;0.0899665355682373
background_v2_1;0.16089081764221191
background_v2_2;0.18542098999023438
background_v2_3;0.46866869926452637
background_v2_4;1.5569088459014893
background_v2_5;1.3971502780914307
background_v2_6;22.83296489715576
background_v2_7;1.5151805877685547
background_v2_8;14.874692916870117
background_v2_9;7.5639495849609375
background_v2_10;14.377617359161377
background_v2_11;58.15756106376648
background_v2_12;5.620234966278076
background_v2_13;5.84238862991333
background_v2_14;43.52608299255371
background_v2_15;1.724832534790039
background_v2_16;2.2379531860351562
background_v2_17;2.6536900997161865
background_v2_18;1.7702770233154297
background_v2_19;1.3661551475524902
background_v2_20;0.9822125434875488
background_v2_21;1.17570161819458
background_v2_22;2.4670724868774414
background_v2_23;1.901595115661621
background_v2_24;0.6482088565826416
background_v2_25;0.792076826095581
background_v2_26;0.7996828556060791
background_v2_27;0.6200859546661377
background_v2_28;1.8031554222106934
background_v3_0;0.09627604484558105
background_v3_1;0.1659238338470459
background_v3_2;0.1656942367553711
background_v3_3;0.6675577163696289
background_v3_4;2.794684648513794
background_v3_5;9.61009168624878
background_v3_6;10.635536670684814
background_v3_7;13.477505922317505
background_v3_8;13.603887796401978
background_v3_9;12.720124006271362
background_v3_10;42.10923790931702
background_v3_11;13.426850318908691
background_v3_12;47.30095458030701
background_v3_13;15.308249235153198
background_v3_14;41.039045572280884
background_v3_15;19.340171813964844
background_v3_16;40.79211735725403
background_v3_17;6.925058603286743
background_v3_18;2.096452474594116
background_v3_19;19.463117837905884
background_v3_20;39.42759346961975
background_v3_21;3.0587751865386963
background_v3_22;3.2593023777008057
background_v3_23;1.005509853363037
background_v3_24;1.1469502449035645
background_v3_25;1.1149711608886719
background_v3_26;0.9416086673736572
background_v3_27;0.9636480808258057
background_v3_28;2.1577682495117188
background_h1_0;0.2089064121246338
background_h1_1;0.19145894050598145
background_h1_2;0.18708348274230957
background_h1_3;0.18455100059509277
background_h1_4;0.16629314422607422
background_h2_0;0.3342740535736084
background_h2_1;2.1536190509796143
background_h2_2;0.9505941867828369
background_h2_3;1.557962417602539
background_h2_4;3.763339042663574
background_h2_5;4.6126322746276855
background_h2_6;6.465983629226685
background_h2_7;6.210069417953491
background_h2_8;6.517915487289429
background_h3_0;0.34572458267211914
background_h3_1;0.5042698383331299
background_h3_2;0.8052637577056885
background_h3_3;0.9576780796051025
background_h3_4;51.52614951133728
background_h3_5;4.134389877319336
background_h3_6;7.656763792037964
background_h3_7;10.264240980148315
background_h3_8;12.581310033798218
background_h3_9;11.959001064300537
background_h3_10;15.372455358505249
background_h3_11;13.284005641937256
background_h4_0;0.524716854095459
background_h4_1;1.9653303623199463
background_h4_2;0.5465657711029053
background_h4_3;0.8964681625366211
background_h4_4;1.0414581298828125
background_h4_5;1.3778572082519531
background_h4_6;10.60407304763794
background_h4_7;50.546491861343384
background_h4_8;19.849406480789185
background_h4_9;37.40909934043884
background_h4_10;33.27898931503296
background_h4_11;15.881023168563843
background_h4_12;19.58266019821167
background_h5_0;0.5471653938293457
background_h5_1;0.6601181030273438
background_h5_2;1.9965968132019043
background_h5_3;1.3841841220855713
background_h5_4;0.6566817760467529
background_h5_5;1.4439187049865723
background_h5_6;1.8539464473724365
background_h5_7;36.88172483444214
background_h5_8;10.983675479888916
background_h5_9;14.344383239746094
background_h5_10;19.66941523551941
background_h5_11;22.07502269744873
background_h5_12;53.92282676696777
background_h5_13;17.339702129364014
background_h6_0;0.5696661472320557
background_h6_1;0.7914588451385498
background_h6_2;2.1436750888824463
background_h6_3;1.8514065742492676
background_h6_4;0.9398303031921387
background_h6_5;1.6678118705749512
background_h6_6;2.780211925506592
background_h6_7;1.9398314952850342
background_h6_8;1.5901999473571777
background_h6_9;9.463947534561157
background_h6_10;7.86095929145813
background_h6_11;13.807435512542725
background_h6_12;39.70521807670593
background_h7_0;0.6319897174835205
background_h7_1;0.8867166042327881
background_h7_2;0.7311837673187256
background_h7_3;2.0202698707580566
background_h7_4;0.6149077415466309
background_h7_5;1.2648530006408691
background_h7_6;1.2961032390594482
background_h7_7;1.101200819015503
background_h7_8;2.941065549850464
background_h7_9;9.897791385650635
background_h7_10;48.83928179740906
background_h7_11;1.909914255142212
background_h8_0;0.5602095127105713
background_h8_1;0.6253571510314941
background_h8_2;0.8049306869506836
background_h8_3;0.7581853866577148
background_h8_4;1.0106587409973145
background_h8_5;3.8914904594421387
background_h8_6;1.1672532558441162
background_h8_7;1.9283640384674072
background_h8_8;5.955196142196655
background_h9_0;0.5339081287384033
background_h9_1;0.725656270980835
background_h9_2;0.7422773838043213
background_h9_3;2.4181830883026123
background_h9_4;0.9690852165222168
Disjoint g=2_0;0.33545970916748047
Disjoint g=2_1;0.12311124801635742
Disjoint g=2_2;0.4426283836364746
Disjoint g=2_3;0.32652711868286133
Disjoint g=2_4;0.12061643600463867
Disjoint g=2_5;0.46701812744140625
Disjoint g=2_6;0.25701451301574707
Disjoint g=2_7;0.395951509475708
Disjoint g=2_8;15.286967754364014
Disjoint g=2_9;0.6184136867523193
Disjoint g=2_10;0.5375833511352539
Disjoint g=2_11;1.2655370235443115
Disjoint g=2_12;0.5244114398956299
Disjoint g=2_13;1.73907470703125
Disjoint g=2_14;44.17159938812256
Disjoint g=2_15;31.64884877204895
Disjoint g=2_16;4.7895567417144775
Disjoint g=2_17;9.626859426498413
Disjoint g=2_18;1.1177010536193848
Disjoint g=2_19;63.329192876815796
Disjoint g=2_20;57.30081605911255
Disjoint g=2_21;50.23606014251709
Disjoint g=2_22;0.12133455276489258
Disjoint g=2_23;69.9733350276947
Disjoint g=2_24;16.601166009902954
Disjoint g=2_25;0.22135448455810547
Disjoint g=2_26;39.486326694488525
Disjoint g=2_27;14.239319324493408
Disjoint g=2_28;15.750536680221558
Disjoint g=2_29;34.43288731575012
Disjoint g=2_30;2.2878918647766113
Disjoint g=2_31;11.208562135696411
Disjoint g=2_32;39.48494911193848
Disjoint g=2_33;126.55355763435364
Disjoint g=2_34;11.655431747436523
Disjoint g=2_35;29.44178032875061
Disjoint g=2_36;4.998641490936279
Disjoint g=2_37;297.25543761253357
Disjoint g=2_38;91.17604374885559
Disjoint g=2_39;6.952709436416626
Disjoint g=2_40;34.205888509750366
Disjoint g=2_41;34.004682540893555
Disjoint g=2_42;35.38542461395264
Disjoint g=2_43;60.55448579788208
Disjoint g=2_44;23.104673624038696
Disjoint g=2_45;11.013789892196655
Disjoint g=2_46;55.522621870040894
Disjoint g=2_47;6.740062236785889
Disjoint g=2_48;1.6351361274719238
Disjoint g=2_49;414.4720034599304
Disjoint g=3_0;0.24814462661743164
Disjoint g=3_1;2.3365697860717773
Disjoint g=3_2;0.6834366321563721
Disjoint g=3_3;0.9502730369567871
Disjoint g=3_4;0.14869093894958496
Disjoint g=3_5;0.6456708908081055
Disjoint g=3_6;1.0683000087738037
Disjoint g=3_7;11.742761611938477
Disjoint g=3_8;1.0178313255310059
Disjoint g=3_9;2.5438828468322754
Disjoint g=3_10;0.21851873397827148
Disjoint g=3_11;0.44850921630859375
Disjoint g=3_12;0.35636115074157715
Disjoint g=3_13;0.25847387313842773
Disjoint g=3_14;2.1822667121887207
Disjoint g=3_15;7.537777662277222
Disjoint g=3_16;1.5445175170898438
Disjoint g=3_17;2.274712085723877
Disjoint g=3_18;22.752333641052246
Disjoint g=3_19;52.70791029930115
Disjoint g=3_20;0.9876797199249268
Disjoint g=3_21;2.3136682510375977
Disjoint g=3_22;11.818853616714478
Disjoint g=3_23;16.008200883865356
Disjoint g=3_24;219.00671672821045
Disjoint g=3_25;2.434568166732788
Disjoint g=3_26;35.01695775985718
Disjoint g=3_27;49.80292296409607
Disjoint g=3_28;14.651142358779907
Disjoint g=3_29;14.295435428619385
Disjoint g=3_30;31.6385657787323
Disjoint g=3_31;3.431601047515869
Disjoint g=3_32;10.999228715896606
Disjoint g=3_33;27.41472578048706
Disjoint g=3_34;0.24103116989135742
Disjoint g=3_35;30.1995050907135
Disjoint g=3_36;60.72171902656555
Disjoint g=3_37;7.4547083377838135
Disjoint g=3_38;4.440957307815552
Disjoint g=3_39;14.263437986373901
Disjoint g=3_40;0.5007517337799072
Disjoint g=3_41;3.2793593406677246
Disjoint g=3_42;14.694936990737915
Disjoint g=3_43;25.426225900650024
Disjoint g=3_44;0.22113370895385742
Disjoint g=3_45;0.2002711296081543
Disjoint g=3_46;59.96159601211548
Disjoint g=3_47;8.696576833724976
Disjoint g=3_48;93.11183834075928
Disjoint g=3_49;136.46209168434143
Disjoint g=4_0;0.2029099464416504
Disjoint g=4_1;0.23602604866027832
Disjoint g=4_2;0.20851373672485352
Disjoint g=4_3;0.829401969909668
Disjoint g=4_4;1.6722660064697266
Disjoint g=4_5;1.3155925273895264
Disjoint g=4_6;0.7688255310058594
Disjoint g=4_7;2.6032090187072754
Disjoint g=4_8;2.023923397064209
Disjoint g=4_9;5.426077604293823
Disjoint g=4_10;2.6989879608154297
Disjoint g=4_11;0.5148665904998779
Disjoint g=4_12;0.7325019836425781
Disjoint g=4_13;2.087986707687378
Disjoint g=4_14;0.7513749599456787
Disjoint g=4_15;0.59246826171875
Disjoint g=4_16;25.511901140213013
Disjoint g=4_17;0.1569356918334961
Disjoint g=4_18;3.6340603828430176
Disjoint g=4_19;0.24041962623596191
Disjoint g=4_20;51.56035876274109
Disjoint g=4_21;25.6913959980011
Disjoint g=4_22;6.763173818588257
Disjoint g=4_23;7.171509742736816
Disjoint g=4_24;1.0759143829345703
Disjoint g=4_25;2.950526475906372
Disjoint g=4_26;3.76535964012146
Disjoint g=4_27;14.320629358291626
Disjoint g=4_28;24.138254404067993
Disjoint g=4_29;2.0864553451538086
Disjoint g=4_30;0.42862749099731445
Disjoint g=4_31;6.8505120277404785
Disjoint g=4_32;15.74463415145874
Disjoint g=4_33;26.3108229637146
Disjoint g=4_34;8.34548544883728
Disjoint g=4_35;17.40575098991394
Disjoint g=4_36;2.8456082344055176
Disjoint g=4_37;14.319939613342285
Disjoint g=4_38;21.410587549209595
Disjoint g=4_39;2.050412893295288
Disjoint g=4_40;32.650879859924316
Disjoint g=4_41;31.010416507720947
Disjoint g=4_42;0.31568336486816406
Disjoint g=4_43;49.27596378326416
Disjoint g=4_44;1.7233436107635498
Disjoint g=4_45;13.624885320663452
Disjoint g=4_46;34.06332182884216
Disjoint g=4_47;30.98689913749695
Disjoint g=4_48;12.928818225860596
Disjoint g=4_49;4.15814208984375
Disjoint g=5_0;0.17777395248413086
Disjoint g=5_1;0.20987915992736816
Disjoint g=5_2;1.2900540828704834
Disjoint g=5_3;0.5341470241546631
Disjoint g=5_4;0.9961669445037842
Disjoint g=5_5;0.7282834053039551
Disjoint g=5_6;4.277294158935547
Disjoint g=5_7;0.8155155181884766
Disjoint g=5_8;3.90205979347229
Disjoint g=5_9;1.8588569164276123
Disjoint g=5_10;4.022464036941528
Disjoint g=5_11;0.9470086097717285
Disjoint g=5_12;6.789280652999878
Disjoint g=5_13;3.5387508869171143
Disjoint g=5_14;0.3305778503417969
Disjoint g=5_15;9.049376726150513
Disjoint g=5_16;3.764019012451172
Disjoint g=5_17;6.97900128364563
Disjoint g=5_18;0.6761775016784668
Disjoint g=5_19;0.5502865314483643
Disjoint g=5_20;22.90142846107483
Disjoint g=5_21;10.50806999206543
Disjoint g=5_22;2.6334989070892334
Disjoint g=5_23;0.4882781505584717
Disjoint g=5_24;2.5301175117492676
Disjoint g=5_25;31.419852256774902
Disjoint g=5_26;1.041790246963501
Disjoint g=5_27;15.323528051376343
Disjoint g=5_28;4.350374698638916
Disjoint g=5_29;1.0090515613555908
Disjoint g=5_30;0.19282913208007812
Disjoint g=5_31;11.102556943893433
Disjoint g=5_32;0.34726619720458984
Disjoint g=5_33;1.2556731700897217
Disjoint g=5_34;24.720783710479736
Disjoint g=5_35;4.049459934234619
Disjoint g=5_36;8.748735189437866
Disjoint g=5_37;46.9420645236969
Disjoint g=5_38;23.644796133041382
Disjoint g=5_39;6.342662572860718
Disjoint g=5_40;2.86240553855896
Disjoint g=5_41;77.43819999694824
Disjoint g=5_42;0.15787243843078613
Disjoint g=5_43;3.6273674964904785
Disjoint g=5_44;29.965684175491333
Disjoint g=5_45;11.295820951461792
Disjoint g=5_46;0.36745285987854004
Disjoint g=5_47;127.60171413421631
Disjoint g=5_48;270.9217779636383
Disjoint g=5_49;464.81995844841003
Disjoint g=6_0;0.21320056915283203
Disjoint g=6_1;0.1219625473022461
Disjoint g=6_2;0.30956315994262695
Disjoint g=6_3;0.31423282623291016
Disjoint g=6_4;0.23946070671081543
Disjoint g=6_5;0.39078712463378906
Disjoint g=6_6;2.3142614364624023
Disjoint g=6_7;0.2634613513946533
Disjoint g=6_8;0.5848753452301025
Disjoint g=6_9;2.6351253986358643
Disjoint g=6_10;2.8952574729919434
Disjoint g=6_11;0.4472537040710449
Disjoint g=6_12;2.7335033416748047
Disjoint g=6_13;0.3205251693725586
Disjoint g=6_14;3.7529356479644775
Disjoint g=6_15;4.9099485874176025
Disjoint g=6_16;1.1329543590545654
Disjoint g=6_17;3.452120065689087
Disjoint g=6_18;6.540410757064819
Disjoint g=6_19;5.152095079421997
Disjoint g=6_20;10.100514888763428
Disjoint g=6_21;0.6598021984100342
Disjoint g=6_22;22.85278296470642
Disjoint g=6_23;29.789164066314697
Disjoint g=6_24;1.2968230247497559
Disjoint g=6_25;1.4481542110443115
Disjoint g=6_26;0.18513727188110352
Disjoint g=6_27;5.361961126327515
Disjoint g=6_28;1.070363998413086
Disjoint g=6_29;0.43522095680236816
Disjoint g=6_30;16.178105115890503
Disjoint g=6_31;0.39352989196777344
Disjoint g=6_32;3.0392649173736572
Disjoint g=6_33;3.4088523387908936
Disjoint g=6_34;12.282259941101074
Disjoint g=6_35;3.203315496444702
Disjoint g=6_36;1.3846511840820312
Disjoint g=6_37;0.1711735725402832
Disjoint g=6_38;31.413708686828613
Disjoint g=6_39;5.328454494476318
Disjoint g=6_40;14.790890216827393
Disjoint g=6_41;0.6274070739746094
Disjoint g=6_42;0.34200167655944824
Disjoint g=6_43;2.7681400775909424
Disjoint g=6_44;0.1782698631286621
Disjoint g=6_45;5.423348903656006
Disjoint g=6_46;49.514607191085815
Disjoint g=6_47;9.439379215240479
Disjoint g=6_48;63.77383327484131
Disjoint g=6_49;70.29764342308044
