size;num_candidates;num_voters;model_id;params;color;alpha;family_id;label;marker;show;path
1;50;100;approval_id;{'p':0.5};brown;0.75;ID 0.5;ID 0.5;*;t;{}
1;50;100;approval_ic;{'p':0.5};black;0.75;IC 0.5;IC 0.5;*;t;{}
1;50;100;approval_full;{};red;0.75;full;full;*;t;{}
1;50;100;approval_empty;{};green;0.75;empty;empty;*;t;{}
29;50;100;approval_id;{};brown;0.7;background_id;background_id;.;t;{'variable': 'p'}
29;50;100;approval_ic;{};black;0.7;background_ic;background_ic;.;t;{'variable': 'p'}
29;50;100;approval_resampling;{'phi': 0.25};grey;0.6;background_v1;background_v1;.;t;{'variable': 'p'}
29;50;100;approval_resampling;{'phi': 0.5};grey;0.6;background_v2;background_v2;.;t;{'variable': 'p'}
29;50;100;approval_resampling;{'phi': 0.75};grey;0.6;background_v3;background_v3;.;t;{'variable': 'p'}
5;50;100;approval_resampling;{'p': 0.1};grey;0.6;background_h1;background_h1;.;t;{'variable': 'phi'}
9;50;100;approval_resampling;{'p': 0.2};grey;0.6;background_h2;background_h2;.;t;{'variable': 'phi'}
12;50;100;approval_resampling;{'p': 0.3};grey;0.6;background_h3;background_h3;.;t;{'variable': 'phi'}
13;50;100;approval_resampling;{'p': 0.4};grey;0.6;background_h4;background_h4;.;t;{'variable': 'phi'}
14;50;100;approval_resampling;{'p': 0.5};grey;0.6;background_h5;background_h5;.;t;{'variable': 'phi'}
13;50;100;approval_resampling;{'p': 0.6};grey;0.6;background_h6;background_h6;.;t;{'variable': 'phi'}
12;50;100;approval_resampling;{'p': 0.7};grey;0.6;background_h7;background_h7;.;t;{'variable': 'phi'}
9;50;100;approval_resampling;{'p': 0.8};grey;0.6;background_h8;background_h8;.;t;{'variable': 'phi'}
5;50;100;approval_resampling;{'p': 0.9};grey;0.6;background_h9;background_h9;.;t;{'variable': 'phi'}
44;50;100;pabulib;{};green;0.95;pabulib;pabulib;o;t;{}
