election_id;x;y
ID 0.5;1.40956;0.28818
IC 0.5;0.21802;0.28818
full;0.83876;1.26903
empty;1.10538;-0.77378
background_id_0;1.09137;-0.76131
background_id_1;1.09271;-0.76464
background_id_2;1.28838;-0.51496
background_id_3;1.27912;-0.52613
background_id_4;1.35323;-0.31447
background_id_5;1.35944;-0.32028
background_id_6;1.40504;-0.12745
background_id_7;1.40529;-0.12578
background_id_8;1.40617;0.07483
background_id_9;1.40808;0.0729
background_id_10;1.40006;0.28759
background_id_11;1.40957;0.28818
background_id_12;1.38756;0.49113
background_id_13;1.37227;0.48878
background_id_14;1.30601;0.68697
background_id_15;1.31261;0.68849
background_id_16;1.23187;0.88836
background_id_17;1.23112;0.88241
background_id_18;1.09486;1.08338
background_id_19;1.09167;1.08243
background_ic_0;0.9664;-0.76657
background_ic_1;0.83052;-0.74367
background_ic_2;0.53054;-0.51183
background_ic_3;0.56253;-0.5582
background_ic_4;0.47655;-0.43661
background_ic_5;0.35841;-0.28975
background_ic_6;0.37221;-0.28498
background_ic_7;0.3319;-0.18232
background_ic_8;0.26198;-0.07795
background_ic_9;0.29935;0.03922
background_ic_10;0.24007;0.14188
background_ic_11;0.29334;0.29847
background_ic_12;0.27661;0.56177
background_ic_13;0.256;0.55644
background_ic_14;0.23209;0.5542
background_ic_15;0.27727;0.77296
background_ic_16;0.41408;0.91253
background_ic_17;0.4591;1.01794
background_ic_18;0.61514;1.14918
background_ic_19;0.72092;1.23315
background_1_0;1.207;-0.53492
background_1_1;1.19233;-0.52158
background_1_2;1.11501;-0.55205
background_1_3;1.1084;-0.56885
background_1_4;1.03704;-0.5537
background_1_5;0.9676;-0.61461
background_1_6;0.83419;-0.56806
background_1_7;0.90012;-0.65281
background_1_8;0.74395;-0.69621
background_1_9;0.83622;-0.69131
background_2_0;1.28927;-0.34673
background_2_1;1.21851;-0.31401
background_2_2;1.12823;-0.33119
background_2_3;1.12028;-0.34907
background_2_4;1.05407;-0.36269
background_2_5;0.98952;-0.41621
background_2_6;0.82651;-0.46029
background_2_7;0.84237;-0.35131
background_2_8;0.77511;-0.39896
background_2_9;0.59587;-0.43304
background_2_10;0.6145;-0.49262
background_2_11;0.54594;-0.57272
background_2_12;0.4861;-0.37555
background_3_0;1.33188;-0.10394
background_3_1;1.26586;-0.13299
background_3_2;1.25526;-0.12377
background_3_3;1.16438;-0.11354
background_3_4;1.12634;-0.10369
background_3_5;0.98632;-0.12708
background_3_6;1.01437;-0.13847
background_3_7;0.71849;-0.21136
background_3_8;0.70688;-0.19014
background_3_9;0.71976;-0.22148
background_3_10;0.61972;-0.2603
background_3_11;0.62895;-0.24292
background_3_12;0.55117;-0.239
background_3_13;0.51992;-0.2897
background_3_14;0.43742;-0.32784
background_3_15;0.34515;-0.23866
background_4_0;1.35745;0.09317
background_4_1;1.25859;0.04039
background_4_2;1.24251;0.05483
background_4_3;1.16235;0.06813
background_4_4;1.0925;0.07505
background_4_5;1.00039;0.11451
background_4_6;0.93107;0.04143
background_4_7;0.77004;0.1219
background_4_8;0.88631;0.0352
background_4_9;0.81581;0.06664
background_4_10;0.59549;-0.03376
background_4_11;0.61638;0.01492
background_4_12;0.5688;0.09243
background_4_13;0.48315;0.08748
background_4_14;0.34913;0.04611
background_4_15;0.42829;-0.01053
background_4_16;0.32915;-0.14123
background_4_17;0.27556;-0.06828
background_5_0;1.32236;0.2684
background_5_1;1.29548;0.30119
background_5_2;1.20711;0.28778
background_5_3;1.13251;0.2403
background_5_4;1.08764;0.24719
background_5_5;1.00779;0.25449
background_5_6;0.91843;0.24964
background_5_7;0.72093;0.31129
background_5_8;0.84388;0.20564
background_5_9;0.80166;0.26031
background_5_10;0.70835;0.21132
background_5_11;0.60563;0.2335
background_5_12;0.52358;0.178
background_5_13;0.49086;0.1791
background_5_14;0.38776;0.12663
background_5_15;0.42328;0.18627
background_5_16;0.36752;0.28427
background_5_17;0.24301;0.16301
background_5_18;0.24592;0.11671
background_5_19;0.25584;0.21322
background_6_0;1.2983;0.47962
background_6_1;1.24197;0.49352
background_6_2;1.17058;0.4633
background_6_3;1.13535;0.40434
background_6_4;1.12747;0.46316
background_6_5;1.00326;0.42877
background_6_6;0.89439;0.47379
background_6_7;0.88046;0.47157
background_6_8;0.8118;0.43967
background_6_9;0.75297;0.43846
background_6_10;0.45208;0.42828
background_6_11;0.51869;0.48323
background_6_12;0.48324;0.41018
background_6_13;0.33894;0.56783
background_6_14;0.34456;0.36821
background_6_15;0.2239;0.37331
background_6_16;0.24367;0.36001
background_6_17;0.23526;0.37623
background_7_0;1.26379;0.67078
background_7_1;1.1942;0.67547
background_7_2;1.08973;0.65141
background_7_3;0.98861;0.68065
background_7_4;1.00045;0.65558
background_7_5;0.97321;0.67353
background_7_6;0.84785;0.63595
background_7_7;0.74416;0.63102
background_7_8;0.72685;0.63903
background_7_9;0.61341;0.66711
background_7_10;0.42472;0.68743
background_7_11;0.41887;0.60635
background_7_12;0.42035;0.74145
background_7_13;0.32847;0.62961
background_7_14;0.32172;0.61147
background_7_15;0.26752;0.67444
background_8_0;1.20173;0.89229
background_8_1;1.10991;0.90099
background_8_2;1.08348;0.87325
background_8_3;0.99438;0.89089
background_8_4;0.93899;0.88406
background_8_5;0.8292;0.91212
background_8_6;0.77214;0.88745
background_8_7;0.65453;0.87587
background_8_8;0.58056;0.88289
background_8_9;0.51202;0.97193
background_8_10;0.42281;0.90525
background_8_11;0.33448;0.87342
background_8_12;0.35448;0.85713
background_9_0;1.06744;1.07242
background_9_1;0.98051;1.0712
background_9_2;0.99902;1.05049
background_9_3;0.88846;1.09133
background_9_4;0.86559;1.0697
background_9_5;0.75138;1.05888
background_9_6;0.7255;1.1119
background_9_7;0.68092;1.04585
background_9_8;0.54195;1.09373
background_9_9;0.50952;1.07942
Disjoint g=2_0;1.01181;0.09083
Disjoint g=2_1;0.83851;-0.31862
Disjoint g=2_2;0.93885;-0.33428
Disjoint g=2_3;0.52475;-0.30467
Disjoint g=2_4;0.56808;0.0376
Disjoint g=2_5;0.27841;-0.00343
Disjoint g=2_6;0.38448;-0.02527
Disjoint g=2_7;0.46463;-0.4693
Disjoint g=3_0;1.00203;-0.52983
Disjoint g=3_1;0.83543;-0.3356
Disjoint g=3_2;0.84543;-0.3701
Disjoint g=3_3;0.74748;-0.45392
Disjoint g=3_4;0.92297;-0.75814
Disjoint g=3_5;0.59538;-0.46577
Disjoint g=3_6;0.63337;-0.63857
Disjoint g=3_7;0.8813;-0.76899
Disjoint g=4_0;1.01143;-0.52253
Disjoint g=4_1;1.01583;-0.77758
Disjoint g=4_2;0.90998;-0.47878
Disjoint g=4_3;0.79723;-0.64501
Disjoint g=4_4;0.80276;-0.56774
Disjoint g=4_5;0.58299;-0.43909
Disjoint g=4_6;0.81745;-0.75409
Disjoint g=4_7;0.71526;-0.66755
Disjoint g=5_0;0.90211;-0.59765
Disjoint g=5_1;0.99731;-0.60656
Disjoint g=5_2;0.93788;-0.53914
Disjoint g=5_3;0.95314;-0.76477
Disjoint g=5_4;0.71208;-0.52015
Disjoint g=5_5;0.79224;-0.65139
Disjoint g=5_6;0.66286;-0.63937
Disjoint g=5_7;0.75541;-0.72483
Disjoint g=6_0;1.07463;-0.7791
Disjoint g=6_1;0.89888;-0.58131
Disjoint g=6_2;1.05569;-0.76459
Disjoint g=6_3;0.97815;-0.77635
Disjoint g=6_4;0.87292;-0.77143
Disjoint g=6_5;0.70469;-0.5831
Disjoint g=6_6;0.65339;-0.63216
Disjoint g=6_7;0.64361;-0.61414
moving_0;1.40939;0.07518
moving_1;1.0927;-0.76463
moving_2;1.24311;0.12831
moving_3;1.14103;-0.1997
moving_4;1.19591;-0.39728
moving_5;1.13632;0.3249
moving_6;1.0343;0.795
moving_7;1.05137;0.74634
moving_8;0.87526;0.55609
moving_9;1.19108;-0.29476
moving_10;0.86763;0.95028
moving_11;0.98415;0.52874
moving_12;0.90858;0.07579
moving_13;0.95471;0.31061
moving_14;1.11784;-0.23176
moving_15;0.68294;0.37608
moving_16;0.79213;-0.01189
moving_17;0.58958;0.28636
moving_18;1.09452;-0.76932
moving_19;0.98376;-0.05758
moving_20;0.6918;1.13981
moving_21;0.81473;1.01735
moving_22;1.0255;0.37685
moving_23;1.05103;-0.65802
moving_24;0.64202;-0.12475
moving_25;0.86539;1.15428
moving_26;0.6189;0.41861
moving_27;0.70123;1.17548
moving_28;0.78905;0.6925
moving_29;0.76673;0.11664
moving_30;0.91189;0.85657
moving_31;0.93395;-0.11816
moving_32;0.84524;0.2869
moving_33;0.73821;-0.541
moving_34;0.67131;0.92935
moving_35;0.73947;0.20939
moving_36;0.58957;0.37733
moving_37;0.9343;-0.43584
moving_38;0.67104;-0.08553
moving_39;0.67475;0.57214
moving_40;0.47533;-0.21596
moving_41;0.73721;-0.23019
moving_42;0.85798;-0.53287
moving_43;0.52768;0.47819
moving_44;0.83414;1.27261
moving_45;0.65253;0.08105
moving_46;0.51314;0.67142
moving_47;0.52259;0.46354
moving_48;0.81158;-0.21231
moving_49;0.66314;-0.46435
truncated_urn_0;0.3636;-0.0559
truncated_urn_1;0.32655;0.45613
truncated_urn_2;0.17415;0.15017
truncated_urn_3;0.40426;0.65532
truncated_urn_4;0.73968;-0.64976
truncated_urn_5;0.44814;-0.07138
truncated_urn_6;0.62036;1.0857
truncated_urn_7;0.62256;-0.21505
truncated_urn_8;0.92264;-0.58728
truncated_urn_9;0.74434;-0.42841
truncated_urn_10;0.59651;1.08741
truncated_urn_11;0.40336;0.21056
truncated_urn_12;0.37891;0.46139
truncated_urn_13;0.85253;-0.12894
truncated_urn_14;0.98194;0.07308
truncated_urn_15;1.16964;0.68412
truncated_urn_16;0.72005;0.45125
truncated_urn_17;0.602;0.21933
truncated_urn_18;0.66508;0.88588
truncated_urn_19;0.75341;0.03884
truncated_urn_20;0.80442;0.87277
truncated_urn_21;0.73829;-0.42401
truncated_urn_22;0.83977;-0.14139
truncated_urn_23;1.11457;0.49001
truncated_urn_24;1.10201;0.50252
truncated_urn_25;0.47451;-0.24338
truncated_urn_26;0.48136;0.24474
truncated_urn_27;1.01087;0.22925
truncated_urn_28;1.00192;-0.53416
truncated_urn_29;1.16041;0.67032
truncated_urn_30;0.96495;-0.31679
truncated_urn_31;0.99077;0.45207
truncated_urn_32;1.05929;-0.3259
truncated_urn_33;1.07608;0.0677
truncated_urn_34;1.28368;0.48567
truncated_urn_35;0.47171;-0.25726
truncated_urn_36;0.71906;0.65482
truncated_urn_37;0.99663;0.45194
truncated_urn_38;0.83466;0.82963
truncated_urn_39;0.79449;-0.15587
truncated_urn_40;0.7623;0.67361
truncated_urn_41;0.94954;-0.31475
truncated_urn_42;0.9093;0.46186
truncated_urn_43;1.21124;0.26669
truncated_urn_44;0.70213;0.03635
truncated_urn_45;0.89235;1.07185
truncated_urn_46;1.09949;-0.48895
truncated_urn_47;0.46578;-0.02581
truncated_urn_48;1.00181;0.89203
truncated_urn_49;0.96533;0.25449
hamming_1_0;0.9237;-0.44085
hamming_1_1;0.47101;-0.20582
hamming_1_2;0.32724;-0.11591
hamming_1_3;0.26587;0.00696
hamming_1_4;0.35505;0.03528
hamming_2_0;1.05232;-0.25598
hamming_2_1;0.74154;-0.10253
hamming_2_2;0.43067;-0.01938
hamming_2_3;0.27919;-0.08515
hamming_2_4;0.17803;0.03223
hamming_3_0;1.06222;-0.01856
hamming_3_1;0.7916;-0.08019
hamming_3_2;0.51109;0.03182
hamming_3_3;0.34988;0.1442
hamming_3_4;0.24618;0.00315
hamming_4_0;1.14283;0.08652
hamming_4_1;0.84958;0.14348
hamming_4_2;0.52615;0.14466
hamming_4_3;0.40181;0.12524
hamming_4_4;0.31975;0.09659
hamming_5_0;1.06582;0.26379
hamming_5_1;0.87811;0.27621
hamming_5_2;0.5214;0.25589
hamming_5_3;0.47384;0.30801
hamming_5_4;0.32895;0.17021
hamming_6_0;0.92345;0.38282
hamming_6_1;0.67443;0.37991
hamming_6_2;0.41087;0.35303
hamming_6_3;0.38537;0.21265
hamming_6_4;0.22872;0.24835
hamming_7_0;0.85835;0.54249
hamming_7_1;0.6014;0.45578
hamming_7_2;0.58186;0.37824
hamming_7_3;0.20573;0.27361
hamming_7_4;0.16455;0.20148
hamming_8_0;0.92026;0.77018
hamming_8_1;0.5145;0.57098
hamming_8_2;0.44098;0.52265
hamming_8_3;0.33439;0.44365
hamming_8_4;0.21682;0.25001
hamming_9_0;0.74645;0.91916
hamming_9_1;0.48197;0.79099
hamming_9_2;0.27366;0.47688
hamming_9_3;0.23077;0.35681
hamming_9_4;0.23855;0.36076
VCR Uniform 1D p~Beta(2,6)_0;0.60308;0.62116
VCR Uniform 1D p~Beta(2,6)_1;0.55511;0.84451
VCR Uniform 1D p~Beta(2,6)_2;0.72999;0.7631
VCR Uniform 1D p~Beta(2,6)_3;0.58822;0.94539
VCR Uniform 1D p~Beta(2,6)_4;0.50668;0.92834
VCR Uniform 1D p~Beta(2,6)_5;0.6251;0.70961
VCR Uniform 1D p~Beta(2,6)_6;0.54151;0.74686
VCR Uniform 1D p~Beta(2,6)_7;0.59178;0.57463
VCR Uniform 2D p~Beta(2,6)_0;0.40012;0.2818
VCR Uniform 2D p~Beta(2,6)_1;0.51427;0.40051
VCR Uniform 2D p~Beta(2,6)_2;0.64157;0.08838
VCR Uniform 2D p~Beta(2,6)_3;0.41925;-0.11153
VCR Uniform 2D p~Beta(2,6)_4;0.66145;-0.00274
VCR Uniform 2D p~Beta(2,6)_5;0.45202;0.23842
VCR Uniform 2D p~Beta(2,6)_6;0.45615;0.13719
VCR Uniform 2D p~Beta(2,6)_7;0.54567;0.02861
VCR Uniform 3D p~Beta(2,6)_0;0.89179;-0.21205
VCR Uniform 3D p~Beta(2,6)_1;0.6391;-0.29629
VCR Uniform 3D p~Beta(2,6)_2;0.76287;-0.38088
VCR Uniform 3D p~Beta(2,6)_3;0.57339;-0.15238
VCR Uniform 3D p~Beta(2,6)_4;0.53728;-0.13543
VCR Uniform 3D p~Beta(2,6)_5;0.67017;-0.34124
VCR Uniform 3D p~Beta(2,6)_6;0.54827;-0.15895
VCR Uniform 3D p~Beta(2,6)_7;0.64497;-0.3957
VCR Gaussian 1D p~Beta(2,12)_0;0.62011;0.4849
VCR Gaussian 1D p~Beta(2,12)_1;0.62681;0.75388
VCR Gaussian 1D p~Beta(2,12)_2;0.75883;1.00465
VCR Gaussian 1D p~Beta(2,12)_3;0.47826;0.8772
VCR Gaussian 1D p~Beta(2,12)_4;0.50161;0.65263
VCR Gaussian 1D p~Beta(2,12)_5;0.5171;0.74099
VCR Gaussian 1D p~Beta(2,12)_6;0.64973;1.00382
VCR Gaussian 1D p~Beta(2,12)_7;0.38152;0.72625
VCR Gaussian 2D p~Beta(2,12)_0;0.78037;0.32494
VCR Gaussian 2D p~Beta(2,12)_1;0.73496;0.52657
VCR Gaussian 2D p~Beta(2,12)_2;0.76017;0.34144
VCR Gaussian 2D p~Beta(2,12)_3;0.72898;0.11083
VCR Gaussian 2D p~Beta(2,12)_4;0.60625;0.51619
VCR Gaussian 2D p~Beta(2,12)_5;0.80921;0.66711
VCR Gaussian 2D p~Beta(2,12)_6;0.71683;0.2306
VCR Gaussian 2D p~Beta(2,12)_7;0.48364;0.37468
VCR Gaussian 3D p~Beta(2,12)_0;0.54695;-0.10573
VCR Gaussian 3D p~Beta(2,12)_1;0.50988;-0.02285
VCR Gaussian 3D p~Beta(2,12)_2;0.86287;-0.02418
VCR Gaussian 3D p~Beta(2,12)_3;0.648;-0.08718
VCR Gaussian 3D p~Beta(2,12)_4;0.76617;0.17118
VCR Gaussian 3D p~Beta(2,12)_5;0.90928;-0.03587
VCR Gaussian 3D p~Beta(2,12)_6;0.59573;0.15848
VCR Gaussian 3D p~Beta(2,12)_7;0.46501;0.2799
