election_id;value
ID 0.5;1000.0
IC 0.5;529.0
full;1000.0
empty;0.0
background_id_0;1000.0
background_id_1;1000.0
background_id_2;1000.0
background_id_3;1000.0
background_id_4;1000.0
background_id_5;1000.0
background_id_6;1000.0
background_id_7;1000.0
background_id_8;1000.0
background_id_9;1000.0
background_id_10;1000.0
background_id_11;1000.0
background_id_12;1000.0
background_id_13;1000.0
background_id_14;1000.0
background_id_15;1000.0
background_id_16;1000.0
background_id_17;1000.0
background_id_18;1000.0
background_id_19;1000.0
background_id_20;1000.0
background_id_21;1000.0
background_id_22;1000.0
background_id_23;1000.0
background_id_24;1000.0
background_id_25;1000.0
background_id_26;1000.0
background_id_27;1000.0
background_id_28;1000.0
background_ic_0;53.0
background_ic_1;83.0
background_ic_2;118.0
background_ic_3;153.0
background_ic_4;196.0
background_ic_5;233.0
background_ic_6;267.0
background_ic_7;294.0
background_ic_8;329.0
background_ic_9;366.0
background_ic_10;403.0
background_ic_11;436.0
background_ic_12;470.0
background_ic_13;502.0
background_ic_14;545.0
background_ic_15;566.0
background_ic_16;602.0
background_ic_17;637.0
background_ic_18;670.0
background_ic_19;699.0
background_ic_20;731.0
background_ic_21;770.0
background_ic_22;797.0
background_ic_23;840.0
background_ic_24;859.0
background_ic_25;889.0
background_ic_26;929.0
background_ic_27;953.0
background_ic_28;982.0
background_v1_0;785.0
background_v1_1;776.0
background_v1_2;793.0
background_v1_3;815.0
background_v1_4;809.0
background_v1_5;827.0
background_v1_6;835.0
background_v1_7;843.0
background_v1_8;857.0
background_v1_9;861.0
background_v1_10;869.0
background_v1_11;880.0
background_v1_12;878.0
background_v1_13;887.0
background_v1_14;899.0
background_v1_15;908.0
background_v1_16;910.0
background_v1_17;924.0
background_v1_18;933.0
background_v1_19;937.0
background_v1_20;947.0
background_v1_21;952.0
background_v1_22;959.0
background_v1_23;967.0
background_v1_24;975.0
background_v1_25;976.0
background_v1_26;989.0
background_v1_27;992.0
background_v1_28;996.0
background_v2_0;522.0
background_v2_1;573.0
background_v2_2;577.0
background_v2_3;597.0
background_v2_4;605.0
background_v2_5;622.0
background_v2_6;661.0
background_v2_7;663.0
background_v2_8;677.0
background_v2_9;703.0
background_v2_10;704.0
background_v2_11;722.0
background_v2_12;748.0
background_v2_13;761.0
background_v2_14;777.0
background_v2_15;797.0
background_v2_16;809.0
background_v2_17;826.0
background_v2_18;846.0
background_v2_19;857.0
background_v2_20;879.0
background_v2_21;899.0
background_v2_22;907.0
background_v2_23;921.0
background_v2_24;939.0
background_v2_25;953.0
background_v2_26;963.0
background_v2_27;982.0
background_v2_28;991.0
background_v3_0;297.0
background_v3_1;315.0
background_v3_2;354.0
background_v3_3;383.0
background_v3_4;398.0
background_v3_5;416.0
background_v3_6;448.0
background_v3_7;479.0
background_v3_8;499.0
background_v3_9;527.0
background_v3_10;554.0
background_v3_11;599.0
background_v3_12;608.0
background_v3_13;653.0
background_v3_14;666.0
background_v3_15;688.0
background_v3_16;699.0
background_v3_17;748.0
background_v3_18;754.0
background_v3_19;772.0
background_v3_20;814.0
background_v3_21;832.0
background_v3_22;850.0
background_v3_23;884.0
background_v3_24;900.0
background_v3_25;921.0
background_v3_26;948.0
background_v3_27;963.0
background_v3_28;987.0
background_h1_0;865.0
background_h1_1;714.0
background_h1_2;597.0
background_h1_3;439.0
background_h1_4;283.0
background_h2_0;935.0
background_h2_1;861.0
background_h2_2;774.0
background_h2_3;702.0
background_h2_4;625.0
background_h2_5;548.0
background_h2_6;464.0
background_h2_7;387.0
background_h2_8;303.0
background_h3_0;963.0
background_h3_1;909.0
background_h3_2;855.0
background_h3_3;815.0
background_h3_4;749.0
background_h3_5;707.0
background_h3_6;643.0
background_h3_7;601.0
background_h3_8;537.0
background_h3_9;483.0
background_h3_10;438.0
background_h3_11;397.0
background_h4_0;971.0
background_h4_1;929.0
background_h4_2;895.0
background_h4_3;846.0
background_h4_4;813.0
background_h4_5;771.0
background_h4_6;728.0
background_h4_7;678.0
background_h4_8;638.0
background_h4_9;614.0
background_h4_10;554.0
background_h4_11;538.0
background_h4_12;490.0
background_h5_0;979.0
background_h5_1;948.0
background_h5_2;919.0
background_h5_3;889.0
background_h5_4;858.0
background_h5_5;828.0
background_h5_6;805.0
background_h5_7;762.0
background_h5_8;723.0
background_h5_9;710.0
background_h5_10;687.0
background_h5_11;637.0
background_h5_12;593.0
background_h5_13;565.0
background_h6_0;980.0
background_h6_1;954.0
background_h6_2;936.0
background_h6_3;900.0
background_h6_4;881.0
background_h6_5;850.0
background_h6_6;836.0
background_h6_7;800.0
background_h6_8;771.0
background_h6_9;747.0
background_h6_10;727.0
background_h6_11;701.0
background_h6_12;661.0
background_h7_0;990.0
background_h7_1;972.0
background_h7_2;955.0
background_h7_3;930.0
background_h7_4;907.0
background_h7_5;891.0
background_h7_6;869.0
background_h7_7;847.0
background_h7_8;824.0
background_h7_9;797.0
background_h7_10;770.0
background_h7_11;764.0
background_h8_0;989.0
background_h8_1;974.0
background_h8_2;958.0
background_h8_3;943.0
background_h8_4;924.0
background_h8_5;903.0
background_h8_6;879.0
background_h8_7;867.0
background_h8_8;841.0
background_h9_0;992.0
background_h9_1;981.0
background_h9_2;963.0
background_h9_3;950.0
background_h9_4;941.0
truncated_urn_1_0;277.0
truncated_urn_1_1;445.0
truncated_urn_1_2;359.0
truncated_urn_1_3;319.0
truncated_urn_1_4;554.0
truncated_urn_1_5;603.0
truncated_urn_1_6;510.0
truncated_urn_1_7;562.0
truncated_urn_1_8;669.0
truncated_urn_1_9;584.0
truncated_urn_1_10;773.0
truncated_urn_1_11;505.0
truncated_urn_1_12;673.0
truncated_urn_1_13;683.0
truncated_urn_1_14;661.0
truncated_urn_1_15;690.0
truncated_urn_1_16;685.0
truncated_urn_1_17;829.0
truncated_urn_1_18;683.0
truncated_urn_1_19;999.0
truncated_urn_1_20;850.0
truncated_urn_1_21;974.0
truncated_urn_1_22;568.0
truncated_urn_1_23;867.0
truncated_urn_1_24;952.0
truncated_urn_2_0;432.0
truncated_urn_2_1;466.0
truncated_urn_2_2;686.0
truncated_urn_2_3;436.0
truncated_urn_2_4;721.0
truncated_urn_2_5;684.0
truncated_urn_2_6;787.0
truncated_urn_2_7;696.0
truncated_urn_2_8;583.0
truncated_urn_2_9;973.0
truncated_urn_2_10;907.0
truncated_urn_2_11;812.0
truncated_urn_2_12;767.0
truncated_urn_2_13;883.0
truncated_urn_2_14;845.0
truncated_urn_2_15;833.0
truncated_urn_2_16;679.0
truncated_urn_2_17;972.0
truncated_urn_2_18;724.0
truncated_urn_2_19;999.0
truncated_urn_2_20;941.0
truncated_urn_2_21;978.0
truncated_urn_2_22;685.0
truncated_urn_2_23;837.0
truncated_urn_2_24;874.0
truncated_urn_3_0;588.0
truncated_urn_3_1;641.0
truncated_urn_3_2;695.0
truncated_urn_3_3;674.0
truncated_urn_3_4;728.0
truncated_urn_3_5;726.0
truncated_urn_3_6;757.0
truncated_urn_3_7;865.0
truncated_urn_3_8;850.0
truncated_urn_3_9;872.0
truncated_urn_3_10;968.0
truncated_urn_3_11;709.0
truncated_urn_3_12;872.0
truncated_urn_3_13;948.0
truncated_urn_3_14;954.0
truncated_urn_3_15;885.0
truncated_urn_3_16;999.0
truncated_urn_3_17;961.0
truncated_urn_3_18;975.0
truncated_urn_3_19;972.0
truncated_urn_3_20;961.0
truncated_urn_3_21;931.0
truncated_urn_3_22;987.0
truncated_urn_3_23;997.0
truncated_urn_3_24;979.0
truncated_urn_4_0;591.0
truncated_urn_4_1;738.0
truncated_urn_4_2;745.0
truncated_urn_4_3;708.0
truncated_urn_4_4;907.0
truncated_urn_4_5;911.0
truncated_urn_4_6;844.0
truncated_urn_4_7;977.0
truncated_urn_4_8;972.0
truncated_urn_4_9;906.0
truncated_urn_4_10;920.0
truncated_urn_4_11;966.0
truncated_urn_4_12;917.0
truncated_urn_4_13;956.0
truncated_urn_4_14;895.0
truncated_urn_4_15;949.0
truncated_urn_4_16;928.0
truncated_urn_4_17;934.0
truncated_urn_4_18;890.0
truncated_urn_4_19;999.0
truncated_urn_4_20;974.0
truncated_urn_4_21;1000.0
truncated_urn_4_22;940.0
truncated_urn_4_23;911.0
truncated_urn_4_24;946.0
truncated_urn_5_0;739.0
truncated_urn_5_1;791.0
truncated_urn_5_2;840.0
truncated_urn_5_3;916.0
truncated_urn_5_4;941.0
truncated_urn_5_5;951.0
truncated_urn_5_6;933.0
truncated_urn_5_7;935.0
truncated_urn_5_8;993.0
truncated_urn_5_9;919.0
truncated_urn_5_10;982.0
truncated_urn_5_11;999.0
truncated_urn_5_12;980.0
truncated_urn_5_13;985.0
truncated_urn_5_14;1000.0
truncated_urn_5_15;983.0
truncated_urn_5_16;998.0
truncated_urn_5_17;999.0
truncated_urn_5_18;984.0
truncated_urn_5_19;996.0
truncated_urn_5_20;981.0
truncated_urn_5_21;1000.0
truncated_urn_5_22;992.0
truncated_urn_5_23;998.0
truncated_urn_5_24;994.0
truncated_urn_6_0;834.0
truncated_urn_6_1;890.0
truncated_urn_6_2;902.0
truncated_urn_6_3;825.0
truncated_urn_6_4;942.0
truncated_urn_6_5;924.0
truncated_urn_6_6;992.0
truncated_urn_6_7;986.0
truncated_urn_6_8;980.0
truncated_urn_6_9;945.0
truncated_urn_6_10;972.0
truncated_urn_6_11;999.0
truncated_urn_6_12;999.0
truncated_urn_6_13;973.0
truncated_urn_6_14;1000.0
truncated_urn_6_15;996.0
truncated_urn_6_16;973.0
truncated_urn_6_17;1000.0
truncated_urn_6_18;1000.0
truncated_urn_6_19;998.0
truncated_urn_6_20;1000.0
truncated_urn_6_21;999.0
truncated_urn_6_22;999.0
truncated_urn_6_23;1000.0
truncated_urn_6_24;1000.0
truncated_urn_7_0;860.0
truncated_urn_7_1;955.0
truncated_urn_7_2;961.0
truncated_urn_7_3;931.0
truncated_urn_7_4;979.0
truncated_urn_7_5;980.0
truncated_urn_7_6;996.0
truncated_urn_7_7;1000.0
truncated_urn_7_8;999.0
truncated_urn_7_9;998.0
truncated_urn_7_10;1000.0
truncated_urn_7_11;995.0
truncated_urn_7_12;1000.0
truncated_urn_7_13;999.0
truncated_urn_7_14;997.0
truncated_urn_7_15;999.0
truncated_urn_7_16;997.0
truncated_urn_7_17;1000.0
truncated_urn_7_18;999.0
truncated_urn_7_19;1000.0
truncated_urn_7_20;1000.0
truncated_urn_7_21;1000.0
truncated_urn_7_22;1000.0
truncated_urn_7_23;1000.0
truncated_urn_7_24;1000.0
truncated_urn_8_0;947.0
truncated_urn_8_1;982.0
truncated_urn_8_2;978.0
truncated_urn_8_3;998.0
truncated_urn_8_4;999.0
truncated_urn_8_5;999.0
truncated_urn_8_6;999.0
truncated_urn_8_7;1000.0
truncated_urn_8_8;998.0
truncated_urn_8_9;1000.0
truncated_urn_8_10;1000.0
truncated_urn_8_11;1000.0
truncated_urn_8_12;1000.0
truncated_urn_8_13;1000.0
truncated_urn_8_14;1000.0
truncated_urn_8_15;1000.0
truncated_urn_8_16;1000.0
truncated_urn_8_17;1000.0
truncated_urn_8_18;1000.0
truncated_urn_8_19;1000.0
truncated_urn_8_20;1000.0
truncated_urn_8_21;1000.0
truncated_urn_8_22;1000.0
truncated_urn_8_23;1000.0
truncated_urn_8_24;1000.0
truncated_urn_9_0;989.0
truncated_urn_9_1;998.0
truncated_urn_9_2;999.0
truncated_urn_9_3;1000.0
truncated_urn_9_4;1000.0
truncated_urn_9_5;1000.0
truncated_urn_9_6;1000.0
truncated_urn_9_7;1000.0
truncated_urn_9_8;1000.0
truncated_urn_9_9;1000.0
truncated_urn_9_10;1000.0
truncated_urn_9_11;1000.0
truncated_urn_9_12;1000.0
truncated_urn_9_13;1000.0
truncated_urn_9_14;1000.0
truncated_urn_9_15;1000.0
truncated_urn_9_16;1000.0
truncated_urn_9_17;1000.0
truncated_urn_9_18;1000.0
truncated_urn_9_19;1000.0
truncated_urn_9_20;1000.0
truncated_urn_9_21;1000.0
truncated_urn_9_22;1000.0
truncated_urn_9_23;1000.0
truncated_urn_9_24;1000.0
