election_id;value
ID 0.5;0.41231679916381836
IC 0.5;672.0770537853241
full;0.2224738597869873
empty;0.011448860168457031
background_id_0;0.11720013618469238
background_id_1;1.7318954467773438
background_id_2;0.2699284553527832
background_id_3;0.266754150390625
background_id_4;0.2738034725189209
background_id_5;0.27319812774658203
background_id_6;0.27333736419677734
background_id_7;0.29689717292785645
background_id_8;0.27802515029907227
background_id_9;1.4161224365234375
background_id_10;0.28484129905700684
background_id_11;0.2838594913482666
background_id_12;0.29431700706481934
background_id_13;0.32237792015075684
background_id_14;0.2927975654602051
background_id_15;1.4305131435394287
background_id_16;0.2948310375213623
background_id_17;0.3190484046936035
background_id_18;0.30637407302856445
background_id_19;0.30344247817993164
background_id_20;0.31426262855529785
background_id_21;0.3594372272491455
background_id_22;1.529881477355957
background_id_23;0.3331172466278076
background_id_24;0.344010591506958
background_id_25;0.34261441230773926
background_id_26;0.33223414421081543
background_id_27;0.36170029640197754
background_id_28;0.358320951461792
background_ic_0;0.21275973320007324
background_ic_1;22.679215908050537
background_ic_2;100.40562701225281
background_ic_3;761.5828149318695
background_ic_4;458.5681948661804
background_ic_5;391.1187644004822
background_ic_6;1011.5108540058136
background_ic_7;1088.2588748931885
background_ic_8;1551.254715204239
background_ic_9;259.8710136413574
background_ic_10;417.8664484024048
background_ic_11;300.3333306312561
background_ic_12;176.09097695350647
background_ic_13;184.2503604888916
background_ic_14;149.7678940296173
background_ic_15;93.65610790252686
background_ic_16;72.67668461799622
background_ic_17;82.6479082107544
background_ic_18;80.97231030464172
background_ic_19;42.634454011917114
background_ic_20;12.249715328216553
background_ic_21;55.93046712875366
background_ic_22;37.726258277893066
background_ic_23;1.150395154953003
background_ic_24;38.825122594833374
background_ic_25;1.0527610778808594
background_ic_26;0.6456971168518066
background_ic_27;0.8487462997436523
background_ic_28;0.7834632396697998
background_v1_0;0.08518099784851074
background_v1_1;1.6006321907043457
background_v1_2;0.19982242584228516
background_v1_3;0.33453917503356934
background_v1_4;0.41042327880859375
background_v1_5;0.46786952018737793
background_v1_6;0.5527312755584717
background_v1_7;0.7567439079284668
background_v1_8;1.9804041385650635
background_v1_9;0.7595596313476562
background_v1_10;0.940032958984375
background_v1_11;1.1548700332641602
background_v1_12;1.8618557453155518
background_v1_13;1.1754958629608154
background_v1_14;0.7545046806335449
background_v1_15;1.7510926723480225
background_v1_16;0.6369142532348633
background_v1_17;0.5784544944763184
background_v1_18;1.0988361835479736
background_v1_19;0.5621891021728516
background_v1_20;0.6309738159179688
background_v1_21;0.550290584564209
background_v1_22;1.913623571395874
background_v1_23;0.6670238971710205
background_v1_24;0.6194500923156738
background_v1_25;0.759476900100708
background_v1_26;0.6392016410827637
background_v1_27;0.4891691207885742
background_v1_28;0.5028390884399414
background_v2_0;0.0899665355682373
background_v2_1;0.16089081764221191
background_v2_2;0.18542098999023438
background_v2_3;0.46866869926452637
background_v2_4;1.5569088459014893
background_v2_5;1.3971502780914307
background_v2_6;22.83296489715576
background_v2_7;1.5151805877685547
background_v2_8;14.874692916870117
background_v2_9;7.5639495849609375
background_v2_10;14.377617359161377
background_v2_11;58.15756106376648
background_v2_12;5.620234966278076
background_v2_13;5.84238862991333
background_v2_14;43.52608299255371
background_v2_15;1.724832534790039
background_v2_16;2.2379531860351562
background_v2_17;2.6536900997161865
background_v2_18;1.7702770233154297
background_v2_19;1.3661551475524902
background_v2_20;0.9822125434875488
background_v2_21;1.17570161819458
background_v2_22;2.4670724868774414
background_v2_23;1.901595115661621
background_v2_24;0.6482088565826416
background_v2_25;0.792076826095581
background_v2_26;0.7996828556060791
background_v2_27;0.6200859546661377
background_v2_28;1.8031554222106934
background_v3_0;0.09627604484558105
background_v3_1;0.1659238338470459
background_v3_2;0.1656942367553711
background_v3_3;0.6675577163696289
background_v3_4;2.794684648513794
background_v3_5;9.61009168624878
background_v3_6;10.635536670684814
background_v3_7;13.477505922317505
background_v3_8;13.603887796401978
background_v3_9;12.720124006271362
background_v3_10;42.10923790931702
background_v3_11;13.426850318908691
background_v3_12;47.30095458030701
background_v3_13;15.308249235153198
background_v3_14;41.039045572280884
background_v3_15;19.340171813964844
background_v3_16;40.79211735725403
background_v3_17;6.925058603286743
background_v3_18;2.096452474594116
background_v3_19;19.463117837905884
background_v3_20;39.42759346961975
background_v3_21;3.0587751865386963
background_v3_22;3.2593023777008057
background_v3_23;1.005509853363037
background_v3_24;1.1469502449035645
background_v3_25;1.1149711608886719
background_v3_26;0.9416086673736572
background_v3_27;0.9636480808258057
background_v3_28;2.1577682495117188
background_h1_0;0.2089064121246338
background_h1_1;0.19145894050598145
background_h1_2;0.18708348274230957
background_h1_3;0.18455100059509277
background_h1_4;0.16629314422607422
background_h2_0;0.3342740535736084
background_h2_1;2.1536190509796143
background_h2_2;0.9505941867828369
background_h2_3;1.557962417602539
background_h2_4;3.763339042663574
background_h2_5;4.6126322746276855
background_h2_6;6.465983629226685
background_h2_7;6.210069417953491
background_h2_8;6.517915487289429
background_h3_0;0.34572458267211914
background_h3_1;0.5042698383331299
background_h3_2;0.8052637577056885
background_h3_3;0.9576780796051025
background_h3_4;51.52614951133728
background_h3_5;4.134389877319336
background_h3_6;7.656763792037964
background_h3_7;10.264240980148315
background_h3_8;12.581310033798218
background_h3_9;11.959001064300537
background_h3_10;15.372455358505249
background_h3_11;13.284005641937256
background_h4_0;0.524716854095459
background_h4_1;1.9653303623199463
background_h4_2;0.5465657711029053
background_h4_3;0.8964681625366211
background_h4_4;1.0414581298828125
background_h4_5;1.3778572082519531
background_h4_6;10.60407304763794
background_h4_7;50.546491861343384
background_h4_8;19.849406480789185
background_h4_9;37.40909934043884
background_h4_10;33.27898931503296
background_h4_11;15.881023168563843
background_h4_12;19.58266019821167
background_h5_0;0.5471653938293457
background_h5_1;0.6601181030273438
background_h5_2;1.9965968132019043
background_h5_3;1.3841841220855713
background_h5_4;0.6566817760467529
background_h5_5;1.4439187049865723
background_h5_6;1.8539464473724365
background_h5_7;36.88172483444214
background_h5_8;10.983675479888916
background_h5_9;14.344383239746094
background_h5_10;19.66941523551941
background_h5_11;22.07502269744873
background_h5_12;53.92282676696777
background_h5_13;17.339702129364014
background_h6_0;0.5696661472320557
background_h6_1;0.7914588451385498
background_h6_2;2.1436750888824463
background_h6_3;1.8514065742492676
background_h6_4;0.9398303031921387
background_h6_5;1.6678118705749512
background_h6_6;2.780211925506592
background_h6_7;1.9398314952850342
background_h6_8;1.5901999473571777
background_h6_9;9.463947534561157
background_h6_10;7.86095929145813
background_h6_11;13.807435512542725
background_h6_12;39.70521807670593
background_h7_0;0.6319897174835205
background_h7_1;0.8867166042327881
background_h7_2;0.7311837673187256
background_h7_3;2.0202698707580566
background_h7_4;0.6149077415466309
background_h7_5;1.2648530006408691
background_h7_6;1.2961032390594482
background_h7_7;1.101200819015503
background_h7_8;2.941065549850464
background_h7_9;9.897791385650635
background_h7_10;48.83928179740906
background_h7_11;1.909914255142212
background_h8_0;0.5602095127105713
background_h8_1;0.6253571510314941
background_h8_2;0.8049306869506836
background_h8_3;0.7581853866577148
background_h8_4;1.0106587409973145
background_h8_5;3.8914904594421387
background_h8_6;1.1672532558441162
background_h8_7;1.9283640384674072
background_h8_8;5.955196142196655
background_h9_0;0.5339081287384033
background_h9_1;0.725656270980835
background_h9_2;0.7422773838043213
background_h9_3;2.4181830883026123
background_h9_4;0.9690852165222168
truncated_urn_1_0;0.1686704158782959
truncated_urn_1_1;0.28091955184936523
truncated_urn_1_2;0.1607651710510254
truncated_urn_1_3;0.1537337303161621
truncated_urn_1_4;0.16565871238708496
truncated_urn_1_5;1.39790678024292
truncated_urn_1_6;0.26616859436035156
truncated_urn_1_7;0.18452787399291992
truncated_urn_1_8;0.19560956954956055
truncated_urn_1_9;0.17891550064086914
truncated_urn_1_10;0.18790602684020996
truncated_urn_1_11;0.1795344352722168
truncated_urn_1_12;1.3616747856140137
truncated_urn_1_13;0.1791396141052246
truncated_urn_1_14;0.18697404861450195
truncated_urn_1_15;0.18526911735534668
truncated_urn_1_16;0.17765426635742188
truncated_urn_1_17;0.19655346870422363
truncated_urn_1_18;0.18107318878173828
truncated_urn_1_19;1.406702995300293
truncated_urn_1_20;0.20783281326293945
truncated_urn_1_21;0.20450735092163086
truncated_urn_1_22;0.19004416465759277
truncated_urn_1_23;0.21403908729553223
truncated_urn_1_24;0.2300407886505127
truncated_urn_2_0;0.3160703182220459
truncated_urn_2_1;1.3392109870910645
truncated_urn_2_2;0.21206927299499512
truncated_urn_2_3;0.3707716464996338
truncated_urn_2_4;0.22045493125915527
truncated_urn_2_5;0.3167567253112793
truncated_urn_2_6;0.21135663986206055
truncated_urn_2_7;0.20058393478393555
truncated_urn_2_8;1.3123815059661865
truncated_urn_2_9;0.22396469116210938
truncated_urn_2_10;0.2199866771697998
truncated_urn_2_11;0.21515798568725586
truncated_urn_2_12;0.2184140682220459
truncated_urn_2_13;0.22860312461853027
truncated_urn_2_14;0.20216989517211914
truncated_urn_2_15;1.3473103046417236
truncated_urn_2_16;0.21479249000549316
truncated_urn_2_17;0.2293550968170166
truncated_urn_2_18;0.3192148208618164
truncated_urn_2_19;0.23536109924316406
truncated_urn_2_20;0.2076711654663086
truncated_urn_2_21;0.2319810390472412
truncated_urn_2_22;1.3447401523590088
truncated_urn_2_23;0.21414804458618164
truncated_urn_2_24;0.23739027976989746
truncated_urn_3_0;0.534517765045166
truncated_urn_3_1;0.4626045227050781
truncated_urn_3_2;0.22381854057312012
truncated_urn_3_3;0.22774147987365723
truncated_urn_3_4;1.4526352882385254
truncated_urn_3_5;0.21506023406982422
truncated_urn_3_6;0.2316586971282959
truncated_urn_3_7;0.23194026947021484
truncated_urn_3_8;0.20744872093200684
truncated_urn_3_9;0.2359483242034912
truncated_urn_3_10;0.26576995849609375
truncated_urn_3_11;1.3773884773254395
truncated_urn_3_12;0.25168633460998535
truncated_urn_3_13;0.2509765625
truncated_urn_3_14;0.2535836696624756
truncated_urn_3_15;0.25682640075683594
truncated_urn_3_16;0.2426619529724121
truncated_urn_3_17;0.25960826873779297
truncated_urn_3_18;1.6056499481201172
truncated_urn_3_19;0.262453556060791
truncated_urn_3_20;0.24307966232299805
truncated_urn_3_21;0.24666404724121094
truncated_urn_3_22;0.2728993892669678
truncated_urn_3_23;0.25464677810668945
truncated_urn_3_24;0.27141737937927246
truncated_urn_4_0;1.6682662963867188
truncated_urn_4_1;0.261091947555542
truncated_urn_4_2;0.2692885398864746
truncated_urn_4_3;0.26601624488830566
truncated_urn_4_4;0.28122949600219727
truncated_urn_4_5;0.29361963272094727
truncated_urn_4_6;0.2708921432495117
truncated_urn_4_7;1.464961051940918
truncated_urn_4_8;0.28745436668395996
truncated_urn_4_9;0.28476977348327637
truncated_urn_4_10;0.2655673027038574
truncated_urn_4_11;0.2560431957244873
truncated_urn_4_12;0.26799893379211426
truncated_urn_4_13;0.27937960624694824
truncated_urn_4_14;1.4089059829711914
truncated_urn_4_15;0.28002119064331055
truncated_urn_4_16;0.29585742950439453
truncated_urn_4_17;0.27524566650390625
truncated_urn_4_18;0.2523961067199707
truncated_urn_4_19;0.27301549911499023
truncated_urn_4_20;0.27716588973999023
truncated_urn_4_21;1.4378502368927002
truncated_urn_4_22;0.28749871253967285
truncated_urn_4_23;0.2757914066314697
truncated_urn_4_24;0.2819325923919678
truncated_urn_5_0;0.302539587020874
truncated_urn_5_1;0.3023693561553955
truncated_urn_5_2;0.2879462242126465
truncated_urn_5_3;1.49237060546875
truncated_urn_5_4;0.3013772964477539
truncated_urn_5_5;0.3016805648803711
truncated_urn_5_6;0.2993483543395996
truncated_urn_5_7;0.2947399616241455
truncated_urn_5_8;0.31583213806152344
truncated_urn_5_9;0.2958815097808838
truncated_urn_5_10;1.482424020767212
truncated_urn_5_11;0.30647993087768555
truncated_urn_5_12;0.31816792488098145
truncated_urn_5_13;0.29845237731933594
truncated_urn_5_14;0.30152034759521484
truncated_urn_5_15;0.3096342086791992
truncated_urn_5_16;0.31292247772216797
truncated_urn_5_17;1.4705169200897217
truncated_urn_5_18;0.2833259105682373
truncated_urn_5_19;0.2887537479400635
truncated_urn_5_20;0.3092677593231201
truncated_urn_5_21;0.29992198944091797
truncated_urn_5_22;0.3152024745941162
truncated_urn_5_23;0.3162825107574463
truncated_urn_5_24;1.469301462173462
truncated_urn_6_0;0.4850025177001953
truncated_urn_6_1;0.30573558807373047
truncated_urn_6_2;0.3099377155303955
truncated_urn_6_3;0.30243945121765137
truncated_urn_6_4;0.3089587688446045
truncated_urn_6_5;0.30554795265197754
truncated_urn_6_6;1.4524898529052734
truncated_urn_6_7;0.3206322193145752
truncated_urn_6_8;0.30828404426574707
truncated_urn_6_9;0.3147144317626953
truncated_urn_6_10;0.30897021293640137
truncated_urn_6_11;0.3396034240722656
truncated_urn_6_12;0.3225226402282715
truncated_urn_6_13;1.4705495834350586
truncated_urn_6_14;0.3140745162963867
truncated_urn_6_15;0.3361082077026367
truncated_urn_6_16;0.3188595771789551
truncated_urn_6_17;0.3401045799255371
truncated_urn_6_18;0.3311631679534912
truncated_urn_6_19;0.3205118179321289
truncated_urn_6_20;1.5132348537445068
truncated_urn_6_21;0.33255815505981445
truncated_urn_6_22;0.3407435417175293
truncated_urn_6_23;0.3439304828643799
truncated_urn_6_24;0.32723259925842285
truncated_urn_7_0;0.5577139854431152
truncated_urn_7_1;0.548159122467041
truncated_urn_7_2;1.5612056255340576
truncated_urn_7_3;0.3126046657562256
truncated_urn_7_4;0.3146231174468994
truncated_urn_7_5;0.3067507743835449
truncated_urn_7_6;0.3104739189147949
truncated_urn_7_7;0.30973243713378906
truncated_urn_7_8;0.32931065559387207
truncated_urn_7_9;1.4494597911834717
truncated_urn_7_10;0.3167104721069336
truncated_urn_7_11;0.31266307830810547
truncated_urn_7_12;0.3220231533050537
truncated_urn_7_13;0.3403816223144531
truncated_urn_7_14;0.32895874977111816
truncated_urn_7_15;0.32767772674560547
truncated_urn_7_16;1.508923053741455
truncated_urn_7_17;0.33353495597839355
truncated_urn_7_18;0.3492288589477539
truncated_urn_7_19;0.3337819576263428
truncated_urn_7_20;0.3269627094268799
truncated_urn_7_21;0.34829020500183105
truncated_urn_7_22;0.3488492965698242
truncated_urn_7_23;1.4992430210113525
truncated_urn_7_24;0.33156394958496094
truncated_urn_8_0;0.37167835235595703
truncated_urn_8_1;0.3520357608795166
truncated_urn_8_2;0.36647987365722656
truncated_urn_8_3;0.33478832244873047
truncated_urn_8_4;0.331545352935791
truncated_urn_8_5;1.5233125686645508
truncated_urn_8_6;0.35335636138916016
truncated_urn_8_7;0.34730005264282227
truncated_urn_8_8;0.34853601455688477
truncated_urn_8_9;0.3470876216888428
truncated_urn_8_10;0.34633541107177734
truncated_urn_8_11;0.3820955753326416
truncated_urn_8_12;1.5024805068969727
truncated_urn_8_13;0.35991811752319336
truncated_urn_8_14;0.35205864906311035
truncated_urn_8_15;0.3483121395111084
truncated_urn_8_16;0.3349285125732422
truncated_urn_8_17;0.3577415943145752
truncated_urn_8_18;0.37459635734558105
truncated_urn_8_19;1.5253088474273682
truncated_urn_8_20;0.35094642639160156
truncated_urn_8_21;0.3465392589569092
truncated_urn_8_22;0.3490617275238037
truncated_urn_8_23;0.3663456439971924
truncated_urn_8_24;0.3475608825683594
truncated_urn_9_0;0.40949201583862305
truncated_urn_9_1;1.4952833652496338
truncated_urn_9_2;0.36077189445495605
truncated_urn_9_3;0.35770130157470703
truncated_urn_9_4;0.372206449508667
truncated_urn_9_5;0.39339280128479004
truncated_urn_9_6;0.3707101345062256
truncated_urn_9_7;0.37637782096862793
truncated_urn_9_8;1.5067079067230225
truncated_urn_9_9;0.35979676246643066
truncated_urn_9_10;0.3676881790161133
truncated_urn_9_11;0.3737063407897949
truncated_urn_9_12;0.36948585510253906
truncated_urn_9_13;0.37914490699768066
truncated_urn_9_14;0.3531050682067871
truncated_urn_9_15;1.5392162799835205
truncated_urn_9_16;0.3351619243621826
truncated_urn_9_17;0.3694133758544922
truncated_urn_9_18;0.36409711837768555
truncated_urn_9_19;0.33307981491088867
truncated_urn_9_20;0.3519420623779297
truncated_urn_9_21;0.3679955005645752
truncated_urn_9_22;1.521533489227295
truncated_urn_9_23;0.3348696231842041
truncated_urn_9_24;0.3772773742675781
