election_id;value
ID 0.5;10
IC 0.5;2
full;10
empty;0
background_id_0;1
background_id_1;3
background_id_2;5
background_id_3;6
background_id_4;8
background_id_5;10
background_id_6;10
background_id_7;10
background_id_8;10
background_id_9;10
background_id_10;10
background_id_11;10
background_id_12;10
background_id_13;10
background_id_14;10
background_id_15;10
background_id_16;10
background_id_17;10
background_id_18;10
background_id_19;10
background_id_20;10
background_id_21;10
background_id_22;10
background_id_23;10
background_id_24;10
background_id_25;10
background_id_26;10
background_id_27;10
background_id_28;10
background_ic_0;0
background_ic_1;1
background_ic_2;1
background_ic_3;1
background_ic_4;1
background_ic_5;1
background_ic_6;1
background_ic_7;1
background_ic_8;1
background_ic_9;2
background_ic_10;2
background_ic_11;2
background_ic_12;2
background_ic_13;2
background_ic_14;2
background_ic_15;3
background_ic_16;3
background_ic_17;3
background_ic_18;3
background_ic_19;3
background_ic_20;4
background_ic_21;4
background_ic_22;4
background_ic_23;5
background_ic_24;5
background_ic_25;6
background_ic_26;7
background_ic_27;7
background_ic_28;9
background_v1_0;1
background_v1_1;3
background_v1_2;4
background_v1_3;3
background_v1_4;4
background_v1_5;4
background_v1_6;4
background_v1_7;4
background_v1_8;5
background_v1_9;5
background_v1_10;5
background_v1_11;5
background_v1_12;5
background_v1_13;6
background_v1_14;6
background_v1_15;6
background_v1_16;6
background_v1_17;6
background_v1_18;6
background_v1_19;7
background_v1_20;7
background_v1_21;7
background_v1_22;8
background_v1_23;8
background_v1_24;8
background_v1_25;9
background_v1_26;9
background_v1_27;10
background_v1_28;10
background_v2_0;1
background_v2_1;2
background_v2_2;2
background_v2_3;2
background_v2_4;2
background_v2_5;2
background_v2_6;3
background_v2_7;3
background_v2_8;3
background_v2_9;3
background_v2_10;3
background_v2_11;3
background_v2_12;4
background_v2_13;4
background_v2_14;4
background_v2_15;4
background_v2_16;5
background_v2_17;5
background_v2_18;5
background_v2_19;5
background_v2_20;5
background_v2_21;6
background_v2_22;6
background_v2_23;6
background_v2_24;7
background_v2_25;8
background_v2_26;8
background_v2_27;8
background_v2_28;10
background_v3_0;1
background_v3_1;1
background_v3_2;1
background_v3_3;1
background_v3_4;2
background_v3_5;2
background_v3_6;2
background_v3_7;2
background_v3_8;2
background_v3_9;2
background_v3_10;2
background_v3_11;3
background_v3_12;3
background_v3_13;3
background_v3_14;3
background_v3_15;3
background_v3_16;3
background_v3_17;4
background_v3_18;4
background_v3_19;4
background_v3_20;4
background_v3_21;5
background_v3_22;5
background_v3_23;5
background_v3_24;6
background_v3_25;6
background_v3_26;7
background_v3_27;8
background_v3_28;9
background_h1_0;4
background_h1_1;3
background_h1_2;2
background_h1_3;2
background_h1_4;1
background_h2_0;6
background_h2_1;4
background_h2_2;3
background_h2_3;3
background_h2_4;2
background_h2_5;2
background_h2_6;2
background_h2_7;1
background_h2_8;1
background_h3_0;7
background_h3_1;6
background_h3_2;5
background_h3_3;4
background_h3_4;4
background_h3_5;3
background_h3_6;3
background_h3_7;3
background_h3_8;2
background_h3_9;2
background_h3_10;2
background_h3_11;2
background_h4_0;8
background_h4_1;6
background_h4_2;6
background_h4_3;5
background_h4_4;4
background_h4_5;4
background_h4_6;4
background_h4_7;3
background_h4_8;3
background_h4_9;3
background_h4_10;2
background_h4_11;2
background_h4_12;2
background_h5_0;8
background_h5_1;7
background_h5_2;6
background_h5_3;5
background_h5_4;5
background_h5_5;5
background_h5_6;4
background_h5_7;4
background_h5_8;3
background_h5_9;3
background_h5_10;3
background_h5_11;3
background_h5_12;3
background_h5_13;2
background_h6_0;9
background_h6_1;8
background_h6_2;7
background_h6_3;6
background_h6_4;6
background_h6_5;5
background_h6_6;4
background_h6_7;4
background_h6_8;4
background_h6_9;4
background_h6_10;3
background_h6_11;3
background_h6_12;3
background_h7_0;9
background_h7_1;8
background_h7_2;7
background_h7_3;6
background_h7_4;6
background_h7_5;6
background_h7_6;5
background_h7_7;5
background_h7_8;5
background_h7_9;4
background_h7_10;4
background_h7_11;4
background_h8_0;9
background_h8_1;8
background_h8_2;8
background_h8_3;7
background_h8_4;6
background_h8_5;6
background_h8_6;6
background_h8_7;5
background_h8_8;5
background_h9_0;9
background_h9_1;9
background_h9_2;8
background_h9_3;7
background_h9_4;7
Disjoint g=2_0;8
Disjoint g=2_1;4
Disjoint g=2_2;7
Disjoint g=2_3;6
Disjoint g=2_4;5
Disjoint g=2_5;5
Disjoint g=2_6;4
Disjoint g=2_7;3
Disjoint g=2_8;5
Disjoint g=2_9;5
Disjoint g=2_10;5
Disjoint g=2_11;4
Disjoint g=2_12;3
Disjoint g=2_13;5
Disjoint g=2_14;3
Disjoint g=2_15;3
Disjoint g=2_16;3
Disjoint g=2_17;4
Disjoint g=2_18;3
Disjoint g=2_19;3
Disjoint g=2_20;3
Disjoint g=2_21;4
Disjoint g=2_22;3
Disjoint g=2_23;3
Disjoint g=2_24;2
Disjoint g=2_25;3
Disjoint g=2_26;2
Disjoint g=2_27;1
Disjoint g=2_28;2
Disjoint g=2_29;3
Disjoint g=2_30;2
Disjoint g=2_31;3
Disjoint g=2_32;2
Disjoint g=2_33;2
Disjoint g=2_34;2
Disjoint g=2_35;2
Disjoint g=2_36;2
Disjoint g=2_37;2
Disjoint g=2_38;1
Disjoint g=2_39;1
Disjoint g=2_40;2
Disjoint g=2_41;2
Disjoint g=2_42;1
Disjoint g=2_43;1
Disjoint g=2_44;1
Disjoint g=2_45;2
Disjoint g=2_46;1
Disjoint g=2_47;2
Disjoint g=2_48;2
Disjoint g=2_49;1
Disjoint g=3_0;6
Disjoint g=3_1;4
Disjoint g=3_2;3
Disjoint g=3_3;5
Disjoint g=3_4;4
Disjoint g=3_5;4
Disjoint g=3_6;4
Disjoint g=3_7;4
Disjoint g=3_8;3
Disjoint g=3_9;4
Disjoint g=3_10;2
Disjoint g=3_11;4
Disjoint g=3_12;4
Disjoint g=3_13;2
Disjoint g=3_14;3
Disjoint g=3_15;3
Disjoint g=3_16;2
Disjoint g=3_17;3
Disjoint g=3_18;2
Disjoint g=3_19;2
Disjoint g=3_20;2
Disjoint g=3_21;3
Disjoint g=3_22;2
Disjoint g=3_23;1
Disjoint g=3_24;2
Disjoint g=3_25;2
Disjoint g=3_26;3
Disjoint g=3_27;2
Disjoint g=3_28;1
Disjoint g=3_29;2
Disjoint g=3_30;2
Disjoint g=3_31;1
Disjoint g=3_32;2
Disjoint g=3_33;2
Disjoint g=3_34;1
Disjoint g=3_35;1
Disjoint g=3_36;1
Disjoint g=3_37;1
Disjoint g=3_38;1
Disjoint g=3_39;1
Disjoint g=3_40;2
Disjoint g=3_41;1
Disjoint g=3_42;2
Disjoint g=3_43;1
Disjoint g=3_44;1
Disjoint g=3_45;1
Disjoint g=3_46;1
Disjoint g=3_47;1
Disjoint g=3_48;1
Disjoint g=3_49;1
Disjoint g=4_0;4
Disjoint g=4_1;5
Disjoint g=4_2;5
Disjoint g=4_3;4
Disjoint g=4_4;4
Disjoint g=4_5;4
Disjoint g=4_6;3
Disjoint g=4_7;2
Disjoint g=4_8;3
Disjoint g=4_9;2
Disjoint g=4_10;2
Disjoint g=4_11;2
Disjoint g=4_12;2
Disjoint g=4_13;2
Disjoint g=4_14;2
Disjoint g=4_15;2
Disjoint g=4_16;2
Disjoint g=4_17;2
Disjoint g=4_18;2
Disjoint g=4_19;2
Disjoint g=4_20;1
Disjoint g=4_21;3
Disjoint g=4_22;2
Disjoint g=4_23;2
Disjoint g=4_24;1
Disjoint g=4_25;1
Disjoint g=4_26;2
Disjoint g=4_27;1
Disjoint g=4_28;2
Disjoint g=4_29;2
Disjoint g=4_30;2
Disjoint g=4_31;1
Disjoint g=4_32;1
Disjoint g=4_33;1
Disjoint g=4_34;1
Disjoint g=4_35;1
Disjoint g=4_36;1
Disjoint g=4_37;1
Disjoint g=4_38;1
Disjoint g=4_39;1
Disjoint g=4_40;1
Disjoint g=4_41;1
Disjoint g=4_42;1
Disjoint g=4_43;1
Disjoint g=4_44;1
Disjoint g=4_45;1
Disjoint g=4_46;1
Disjoint g=4_47;1
Disjoint g=4_48;1
Disjoint g=4_49;1
Disjoint g=5_0;3
Disjoint g=5_1;3
Disjoint g=5_2;4
Disjoint g=5_3;4
Disjoint g=5_4;4
Disjoint g=5_5;2
Disjoint g=5_6;2
Disjoint g=5_7;4
Disjoint g=5_8;2
Disjoint g=5_9;3
Disjoint g=5_10;2
Disjoint g=5_11;2
Disjoint g=5_12;2
Disjoint g=5_13;3
Disjoint g=5_14;2
Disjoint g=5_15;2
Disjoint g=5_16;2
Disjoint g=5_17;3
Disjoint g=5_18;1
Disjoint g=5_19;2
Disjoint g=5_20;2
Disjoint g=5_21;2
Disjoint g=5_22;2
Disjoint g=5_23;1
Disjoint g=5_24;2
Disjoint g=5_25;1
Disjoint g=5_26;1
Disjoint g=5_27;1
Disjoint g=5_28;1
Disjoint g=5_29;1
Disjoint g=5_30;1
Disjoint g=5_31;1
Disjoint g=5_32;1
Disjoint g=5_33;2
Disjoint g=5_34;1
Disjoint g=5_35;1
Disjoint g=5_36;1
Disjoint g=5_37;1
Disjoint g=5_38;1
Disjoint g=5_39;1
Disjoint g=5_40;1
Disjoint g=5_41;1
Disjoint g=5_42;1
Disjoint g=5_43;1
Disjoint g=5_44;1
Disjoint g=5_45;1
Disjoint g=5_46;1
Disjoint g=5_47;1
Disjoint g=5_48;1
Disjoint g=5_49;1
Disjoint g=6_0;3
Disjoint g=6_1;2
Disjoint g=6_2;2
Disjoint g=6_3;3
Disjoint g=6_4;3
Disjoint g=6_5;4
Disjoint g=6_6;2
Disjoint g=6_7;3
Disjoint g=6_8;2
Disjoint g=6_9;3
Disjoint g=6_10;2
Disjoint g=6_11;2
Disjoint g=6_12;2
Disjoint g=6_13;1
Disjoint g=6_14;2
Disjoint g=6_15;2
Disjoint g=6_16;2
Disjoint g=6_17;1
Disjoint g=6_18;1
Disjoint g=6_19;2
Disjoint g=6_20;1
Disjoint g=6_21;2
Disjoint g=6_22;2
Disjoint g=6_23;1
Disjoint g=6_24;2
Disjoint g=6_25;1
Disjoint g=6_26;1
Disjoint g=6_27;1
Disjoint g=6_28;1
Disjoint g=6_29;1
Disjoint g=6_30;1
Disjoint g=6_31;1
Disjoint g=6_32;1
Disjoint g=6_33;1
Disjoint g=6_34;1
Disjoint g=6_35;1
Disjoint g=6_36;1
Disjoint g=6_37;1
Disjoint g=6_38;1
Disjoint g=6_39;1
Disjoint g=6_40;1
Disjoint g=6_41;1
Disjoint g=6_42;1
Disjoint g=6_43;1
Disjoint g=6_44;1
Disjoint g=6_45;1
Disjoint g=6_46;1
Disjoint g=6_47;1
Disjoint g=6_48;1
Disjoint g=6_49;1
