election_id;value
ID 0.5;1000.0
IC 0.5;541.0
full;1000.0
empty;0.0
background_id_0;1000.0
background_id_1;1000.0
background_id_2;1000.0
background_id_3;1000.0
background_id_4;1000.0
background_id_5;1000.0
background_id_6;1000.0
background_id_7;1000.0
background_id_8;1000.0
background_id_9;1000.0
background_id_10;1000.0
background_id_11;1000.0
background_id_12;1000.0
background_id_13;1000.0
background_id_14;1000.0
background_id_15;1000.0
background_id_16;1000.0
background_id_17;1000.0
background_id_18;1000.0
background_id_19;1000.0
background_id_20;1000.0
background_id_21;1000.0
background_id_22;1000.0
background_id_23;1000.0
background_id_24;1000.0
background_id_25;1000.0
background_id_26;1000.0
background_id_27;1000.0
background_id_28;1000.0
background_ic_0;50.0
background_ic_1;84.0
background_ic_2;121.0
background_ic_3;163.0
background_ic_4;194.0
background_ic_5;223.0
background_ic_6;263.0
background_ic_7;304.0
background_ic_8;338.0
background_ic_9;380.0
background_ic_10;400.0
background_ic_11;433.0
background_ic_12;473.0
background_ic_13;498.0
background_ic_14;533.0
background_ic_15;556.0
background_ic_16;601.0
background_ic_17;640.0
background_ic_18;681.0
background_ic_19;694.0
background_ic_20;736.0
background_ic_21;762.0
background_ic_22;801.0
background_ic_23;826.0
background_ic_24;871.0
background_ic_25;884.0
background_ic_26;918.0
background_ic_27;947.0
background_ic_28;985.0
background_v1_0;753.0
background_v1_1;789.0
background_v1_2;785.0
background_v1_3;787.0
background_v1_4;817.0
background_v1_5;821.0
background_v1_6;826.0
background_v1_7;823.0
background_v1_8;836.0
background_v1_9;850.0
background_v1_10;858.0
background_v1_11;869.0
background_v1_12;884.0
background_v1_13;883.0
background_v1_14;889.0
background_v1_15;898.0
background_v1_16;910.0
background_v1_17;922.0
background_v1_18;939.0
background_v1_19;937.0
background_v1_20;934.0
background_v1_21;949.0
background_v1_22;958.0
background_v1_23;965.0
background_v1_24;972.0
background_v1_25;977.0
background_v1_26;985.0
background_v1_27;991.0
background_v1_28;996.0
background_v2_0;490.0
background_v2_1;545.0
background_v2_2;569.0
background_v2_3;596.0
background_v2_4;602.0
background_v2_5;619.0
background_v2_6;643.0
background_v2_7;652.0
background_v2_8;690.0
background_v2_9;686.0
background_v2_10;702.0
background_v2_11;743.0
background_v2_12;747.0
background_v2_13;764.0
background_v2_14;778.0
background_v2_15;794.0
background_v2_16;819.0
background_v2_17;821.0
background_v2_18;845.0
background_v2_19;858.0
background_v2_20;872.0
background_v2_21;892.0
background_v2_22;914.0
background_v2_23;924.0
background_v2_24;933.0
background_v2_25;945.0
background_v2_26;964.0
background_v2_27;979.0
background_v2_28;994.0
background_v3_0;270.0
background_v3_1;311.0
background_v3_2;337.0
background_v3_3;358.0
background_v3_4;410.0
background_v3_5;408.0
background_v3_6;449.0
background_v3_7;461.0
background_v3_8;506.0
background_v3_9;523.0
background_v3_10;543.0
background_v3_11;586.0
background_v3_12;621.0
background_v3_13;618.0
background_v3_14;652.0
background_v3_15;668.0
background_v3_16;716.0
background_v3_17;725.0
background_v3_18;752.0
background_v3_19;787.0
background_v3_20;815.0
background_v3_21;820.0
background_v3_22;849.0
background_v3_23;873.0
background_v3_24;896.0
background_v3_25;924.0
background_v3_26;941.0
background_v3_27;965.0
background_v3_28;985.0
background_h1_0;855.0
background_h1_1;728.0
background_h1_2;563.0
background_h1_3;423.0
background_h1_4;263.0
background_h2_0;929.0
background_h2_1;850.0
background_h2_2;780.0
background_h2_3;718.0
background_h2_4;629.0
background_h2_5;551.0
background_h2_6;455.0
background_h2_7;384.0
background_h2_8;309.0
background_h3_0;961.0
background_h3_1;911.0
background_h3_2;860.0
background_h3_3;809.0
background_h3_4;757.0
background_h3_5;710.0
background_h3_6;637.0
background_h3_7;580.0
background_h3_8;540.0
background_h3_9;497.0
background_h3_10;442.0
background_h3_11;373.0
background_h4_0;967.0
background_h4_1;931.0
background_h4_2;883.0
background_h4_3;848.0
background_h4_4;804.0
background_h4_5;768.0
background_h4_6;732.0
background_h4_7;686.0
background_h4_8;638.0
background_h4_9;591.0
background_h4_10;561.0
background_h4_11;521.0
background_h4_12;470.0
background_h5_0;973.0
background_h5_1;950.0
background_h5_2;925.0
background_h5_3;887.0
background_h5_4;855.0
background_h5_5;822.0
background_h5_6;791.0
background_h5_7;760.0
background_h5_8;724.0
background_h5_9;706.0
background_h5_10;663.0
background_h5_11;627.0
background_h5_12;600.0
background_h5_13;558.0
background_h6_0;980.0
background_h6_1;955.0
background_h6_2;935.0
background_h6_3;905.0
background_h6_4;875.0
background_h6_5;853.0
background_h6_6;819.0
background_h6_7;789.0
background_h6_8;771.0
background_h6_9;736.0
background_h6_10;718.0
background_h6_11;681.0
background_h6_12;668.0
background_h7_0;987.0
background_h7_1;962.0
background_h7_2;946.0
background_h7_3;925.0
background_h7_4;905.0
background_h7_5;880.0
background_h7_6;866.0
background_h7_7;837.0
background_h7_8;822.0
background_h7_9;805.0
background_h7_10;779.0
background_h7_11;749.0
background_h8_0;990.0
background_h8_1;970.0
background_h8_2;951.0
background_h8_3;944.0
background_h8_4;920.0
background_h8_5;898.0
background_h8_6;888.0
background_h8_7;870.0
background_h8_8;844.0
background_h9_0;989.0
background_h9_1;979.0
background_h9_2;961.0
background_h9_3;949.0
background_h9_4;936.0
pabulib_0;454.0
pabulib_1;490.0
pabulib_2;354.0
pabulib_3;512.0
pabulib_4;70.0
pabulib_5;348.0
pabulib_6;333.0
pabulib_7;328.0
pabulib_8;287.0
pabulib_9;349.0
pabulib_10;214.0
pabulib_11;400.0
pabulib_12;9.0
pabulib_13;120.0
pabulib_14;253.0
pabulib_15;191.0
pabulib_16;366.0
pabulib_17;432.0
pabulib_18;351.0
pabulib_19;353.0
pabulib_20;269.0
pabulib_21;311.0
pabulib_22;427.0
pabulib_23;316.0
pabulib_24;283.0
pabulib_25;320.0
pabulib_26;380.0
pabulib_27;427.0
pabulib_28;295.0
pabulib_29;52.0
pabulib_30;443.0
pabulib_31;346.0
pabulib_32;320.0
pabulib_33;300.0
pabulib_34;300.0
pabulib_35;209.0
pabulib_36;388.0
pabulib_37;110.0
pabulib_38;123.0
pabulib_39;411.0
pabulib_40;467.0
pabulib_41;285.0
pabulib_42;497.0
pabulib_43;87.0
