election_id;value
ID 0.5;0.8487663269042969
IC 0.5;12.340982437133789
full;0.19623088836669922
empty;0.01713275909423828
background_id_0;0.028665542602539062
background_id_1;0.12353754043579102
background_id_2;0.16743111610412598
background_id_3;0.20984911918640137
background_id_4;0.8719024658203125
background_id_5;0.2824254035949707
background_id_6;0.3051433563232422
background_id_7;0.330230712890625
background_id_8;0.30214381217956543
background_id_9;0.8640260696411133
background_id_10;0.3047451972961426
background_id_11;0.3054673671722412
background_id_12;0.3073291778564453
background_id_13;0.30358076095581055
background_id_14;1.0520589351654053
background_id_15;0.3084850311279297
background_id_16;0.30477428436279297
background_id_17;0.29522156715393066
background_id_18;0.30797505378723145
background_id_19;1.203829050064087
background_id_20;0.3441445827484131
background_id_21;0.3583102226257324
background_id_22;0.32689952850341797
background_id_23;0.33203983306884766
background_id_24;1.0573465824127197
background_id_25;0.3570890426635742
background_id_26;0.39390015602111816
background_id_27;0.5479259490966797
background_id_28;0.5616550445556641
background_ic_0;0.0915532112121582
background_ic_1;2.7819936275482178
background_ic_2;5.500842571258545
background_ic_3;19.853116750717163
background_ic_4;17.161643505096436
background_ic_5;78.66579461097717
background_ic_6;28.664534091949463
background_ic_7;109.59453821182251
background_ic_8;86.16817331314087
background_ic_9;13.491147518157959
background_ic_10;52.075201988220215
background_ic_11;127.1151487827301
background_ic_12;102.50977897644043
background_ic_13;17.351877212524414
background_ic_14;64.75289463996887
background_ic_15;13.873847723007202
background_ic_16;38.07722854614258
background_ic_17;17.201088905334473
background_ic_18;52.53465986251831
background_ic_19;18.00760841369629
background_ic_20;2.166461706161499
background_ic_21;2.724073648452759
background_ic_22;2.284717082977295
background_ic_23;1.2689056396484375
background_ic_24;0.9012737274169922
background_ic_25;1.0745587348937988
background_ic_26;1.1603295803070068
background_ic_27;0.7452268600463867
background_ic_28;0.44469761848449707
background_v1_0;0.05459117889404297
background_v1_1;0.10140657424926758
background_v1_2;0.14947915077209473
background_v1_3;0.15677547454833984
background_v1_4;0.19367337226867676
background_v1_5;0.7370815277099609
background_v1_6;0.24882769584655762
background_v1_7;0.3193364143371582
background_v1_8;0.3725600242614746
background_v1_9;0.400784969329834
background_v1_10;1.1111488342285156
background_v1_11;0.5700473785400391
background_v1_12;0.42693257331848145
background_v1_13;0.5005571842193604
background_v1_14;0.7768268585205078
background_v1_15;1.0088634490966797
background_v1_16;0.4656531810760498
background_v1_17;0.49332451820373535
background_v1_18;0.5282433032989502
background_v1_19;1.0836844444274902
background_v1_20;0.565760612487793
background_v1_21;0.5078911781311035
background_v1_22;0.5535478591918945
background_v1_23;0.4782447814941406
background_v1_24;0.9924042224884033
background_v1_25;0.3924081325531006
background_v1_26;0.4130237102508545
background_v1_27;0.3911173343658447
background_v1_28;0.3655078411102295
background_v2_0;0.062174320220947266
background_v2_1;0.10719156265258789
background_v2_2;0.27440929412841797
background_v2_3;0.29151344299316406
background_v2_4;0.19593429565429688
background_v2_5;0.20012140274047852
background_v2_6;0.21743059158325195
background_v2_7;1.091101884841919
background_v2_8;0.8148159980773926
background_v2_9;1.436631202697754
background_v2_10;1.3118433952331543
background_v2_11;1.6447970867156982
background_v2_12;1.145216703414917
background_v2_13;1.4528815746307373
background_v2_14;0.928936243057251
background_v2_15;3.317065715789795
background_v2_16;1.0040717124938965
background_v2_17;1.589754581451416
background_v2_18;1.4162323474884033
background_v2_19;0.6062068939208984
background_v2_20;0.8336033821105957
background_v2_21;2.18927001953125
background_v2_22;0.7328660488128662
background_v2_23;0.5597138404846191
background_v2_24;0.6984918117523193
background_v2_25;0.5257248878479004
background_v2_26;0.9922301769256592
background_v2_27;0.3982875347137451
background_v2_28;0.3559389114379883
background_v3_0;0.05336618423461914
background_v3_1;0.17912912368774414
background_v3_2;0.8686308860778809
background_v3_3;0.2079145908355713
background_v3_4;0.3323960304260254
background_v3_5;0.19698214530944824
background_v3_6;0.23620843887329102
background_v3_7;0.7056422233581543
background_v3_8;0.8747954368591309
background_v3_9;1.8718194961547852
background_v3_10;4.779560565948486
background_v3_11;5.659499883651733
background_v3_12;1.679546594619751
background_v3_13;10.576510667800903
background_v3_14;5.642049074172974
background_v3_15;5.845508575439453
background_v3_16;1.7256653308868408
background_v3_17;1.783395528793335
background_v3_18;5.452640533447266
background_v3_19;1.4202258586883545
background_v3_20;1.507171630859375
background_v3_21;0.9270334243774414
background_v3_22;1.2001633644104004
background_v3_23;0.8355457782745361
background_v3_24;0.9912447929382324
background_v3_25;0.6765692234039307
background_v3_26;0.5835075378417969
background_v3_27;0.4633169174194336
background_v3_28;0.35468196868896484
background_h1_0;0.5710225105285645
background_h1_1;0.2692530155181885
background_h1_2;0.25520944595336914
background_h1_3;0.2529633045196533
background_h1_4;0.30150771141052246
background_h2_0;0.3878288269042969
background_h2_1;0.20673894882202148
background_h2_2;0.6181354522705078
background_h2_3;0.19944238662719727
background_h2_4;0.20036673545837402
background_h2_5;0.20161151885986328
background_h2_6;0.19932818412780762
background_h2_7;0.6285347938537598
background_h2_8;0.25334596633911133
background_h3_0;0.26463913917541504
background_h3_1;0.32058215141296387
background_h3_2;0.4977290630340576
background_h3_3;1.0312275886535645
background_h3_4;0.5502450466156006
background_h3_5;0.7461948394775391
background_h3_6;0.8939037322998047
background_h3_7;1.2425928115844727
background_h3_8;3.5195274353027344
background_h3_9;0.9887814521789551
background_h3_10;2.9511325359344482
background_h3_11;4.757278680801392
background_h4_0;0.27951765060424805
background_h4_1;0.8684999942779541
background_h4_2;0.46120548248291016
background_h4_3;0.629697322845459
background_h4_4;0.8216812610626221
background_h4_5;0.6925845146179199
background_h4_6;1.5825202465057373
background_h4_7;1.834141492843628
background_h4_8;3.113503932952881
background_h4_9;3.653071880340576
background_h4_10;1.4928383827209473
background_h4_11;8.093281984329224
background_h4_12;7.2322306632995605
background_h5_0;0.28800082206726074
background_h5_1;0.3459432125091553
background_h5_2;0.9290115833282471
background_h5_3;0.6344125270843506
background_h5_4;0.6195449829101562
background_h5_5;0.7818365097045898
background_h5_6;1.5901298522949219
background_h5_7;1.4196701049804688
background_h5_8;2.128538131713867
background_h5_9;1.3701443672180176
background_h5_10;3.005955457687378
background_h5_11;4.387136220932007
background_h5_12;7.869397163391113
background_h5_13;16.908940076828003
background_h6_0;0.2896125316619873
background_h6_1;0.32929158210754395
background_h6_2;0.4079720973968506
background_h6_3;0.9596877098083496
background_h6_4;0.7713601589202881
background_h6_5;0.7567808628082275
background_h6_6;1.7796823978424072
background_h6_7;30.173643112182617
background_h6_8;2.584777593612671
background_h6_9;1.9910025596618652
background_h6_10;1.7024786472320557
background_h6_11;5.3094213008880615
background_h6_12;10.21889352798462
background_h7_0;0.841832160949707
background_h7_1;0.46279120445251465
background_h7_2;0.5202922821044922
background_h7_3;0.5996670722961426
background_h7_4;0.5685012340545654
background_h7_5;1.2128677368164062
background_h7_6;0.6932065486907959
background_h7_7;1.0263698101043701
background_h7_8;0.9297878742218018
background_h7_9;2.3861052989959717
background_h7_10;5.798088073730469
background_h7_11;1.4571623802185059
background_h8_0;0.32636165618896484
background_h8_1;0.4246253967285156
background_h8_2;1.117182970046997
background_h8_3;0.4366729259490967
background_h8_4;0.5362639427185059
background_h8_5;0.5180439949035645
background_h8_6;1.5223827362060547
background_h8_7;1.3441956043243408
background_h8_8;6.454073667526245
background_h9_0;0.34609532356262207
background_h9_1;0.3523240089416504
background_h9_2;0.44447779655456543
background_h9_3;1.0373165607452393
background_h9_4;0.551598072052002
pabulib_0;0.24602866172790527
pabulib_1;0.3859527111053467
pabulib_2;0.20522308349609375
pabulib_3;0.610825777053833
pabulib_4;0.022212505340576172
pabulib_5;0.28897881507873535
pabulib_6;0.3140065670013428
pabulib_7;0.11568856239318848
pabulib_8;0.09918808937072754
pabulib_9;0.15848445892333984
pabulib_10;0.10127544403076172
pabulib_11;0.12371039390563965
pabulib_12;0.015202760696411133
pabulib_13;0.018241405487060547
pabulib_14;0.11375737190246582
pabulib_15;0.24323415756225586
pabulib_16;0.6418077945709229
pabulib_17;0.1311483383178711
pabulib_18;0.20037388801574707
pabulib_19;0.2345108985900879
pabulib_20;0.1211702823638916
pabulib_21;0.1420307159423828
pabulib_22;0.19563055038452148
pabulib_23;0.14088177680969238
pabulib_24;0.10214924812316895
pabulib_25;0.6850676536560059
pabulib_26;0.13277053833007812
pabulib_27;0.20369911193847656
pabulib_28;0.18631601333618164
pabulib_29;0.018869400024414062
pabulib_30;0.4436819553375244
pabulib_31;0.19259357452392578
pabulib_32;0.1952648162841797
pabulib_33;0.12578845024108887
pabulib_34;0.18575048446655273
pabulib_35;0.6622457504272461
pabulib_36;0.1863870620727539
pabulib_37;0.019768714904785156
pabulib_38;0.02865147590637207
pabulib_39;0.22280526161193848
pabulib_40;0.21119999885559082
pabulib_41;0.16022157669067383
pabulib_42;0.19341111183166504
pabulib_43;0.029529333114624023
