election_id;x;y
ID 0.5;1.52041;0.10324
IC 0.5;0.48582;0.10324
full;1.02533;1.00917
empty;1.13125;-0.79697
background_id_0;1.22643;-0.72682
background_id_1;1.28721;-0.65779
background_id_2;1.33652;-0.59499
background_id_3;1.35889;-0.54611
background_id_4;1.39648;-0.48535
background_id_5;1.42635;-0.42361
background_id_6;1.44238;-0.37208
background_id_7;1.46799;-0.31493
background_id_8;1.48407;-0.25404
background_id_9;1.49211;-0.20155
background_id_10;1.51534;-0.14495
background_id_11;1.5059;-0.07675
background_id_12;1.53684;-0.03599
background_id_13;1.52713;0.02892
background_id_14;1.53821;0.10433
background_id_15;1.51935;0.16009
background_id_16;1.53268;0.22441
background_id_17;1.50279;0.28409
background_id_18;1.51706;0.33785
background_id_19;1.49354;0.39971
background_id_20;1.47244;0.46459
background_id_21;1.46227;0.51749
background_id_22;1.43274;0.58087
background_id_23;1.40145;0.64537
background_id_24;1.37755;0.69759
background_id_25;1.33499;0.76169
background_id_26;1.28495;0.82662
background_id_27;1.2458;0.87722
background_id_28;1.16616;0.94829
background_ic_0;1.03854;-0.75313
background_ic_1;0.972;-0.73305
background_ic_2;0.93425;-0.5189
background_ic_3;0.7782;-0.57307
background_ic_4;0.71901;-0.52256
background_ic_5;0.66467;-0.45978
background_ic_6;0.63953;-0.405
background_ic_7;0.6159;-0.34359
background_ic_8;0.56101;-0.28895
background_ic_9;0.55612;-0.20264
background_ic_10;0.50539;-0.16652
background_ic_11;0.5064;-0.09835
background_ic_12;0.51212;-0.03265
background_ic_13;0.49442;0.01886
background_ic_14;0.45568;0.07987
background_ic_15;0.50246;0.174
background_ic_16;0.4822;0.21888
background_ic_17;0.48867;0.31404
background_ic_18;0.51969;0.35358
background_ic_19;0.54674;0.41123
background_ic_20;0.54049;0.47854
background_ic_21;0.5853;0.55032
background_ic_22;0.62036;0.59672
background_ic_23;0.63519;0.66773
background_ic_24;0.70378;0.72155
background_ic_25;0.74768;0.7715
background_ic_26;0.80749;0.84505
background_ic_27;0.86325;0.8931
background_ic_28;0.94;0.95523
background_v1_0;1.19104;-0.70512
background_v1_1;1.20908;-0.62149
background_v1_2;1.23133;-0.55232
background_v1_3;1.22205;-0.49885
background_v1_4;1.21782;-0.43921
background_v1_5;1.21756;-0.37881
background_v1_6;1.22983;-0.32979
background_v1_7;1.20527;-0.26538
background_v1_8;1.21788;-0.20773
background_v1_9;1.20181;-0.15484
background_v1_10;1.23393;-0.10751
background_v1_11;1.2259;-0.03365
background_v1_12;1.18276;0.01518
background_v1_13;1.24367;0.05839
background_v1_14;1.21788;0.12011
background_v1_15;1.24824;0.1724
background_v1_16;1.19246;0.22241
background_v1_17;1.20823;0.28424
background_v1_18;1.24369;0.34337
background_v1_19;1.19079;0.38239
background_v1_20;1.21071;0.44826
background_v1_21;1.21696;0.50892
background_v1_22;1.17546;0.55927
background_v1_23;1.23842;0.63655
background_v1_24;1.1733;0.67997
background_v1_25;1.20371;0.73712
background_v1_26;1.14333;0.79568
background_v1_27;1.14787;0.8684
background_v1_28;1.10338;0.9366
background_v2_0;1.14148;-0.6927
background_v2_1;1.13532;-0.61972
background_v2_2;1.10537;-0.5628
background_v2_3;1.07444;-0.48247
background_v2_4;1.04513;-0.42223
background_v2_5;1.05006;-0.35868
background_v2_6;1.01788;-0.29826
background_v2_7;0.98531;-0.24871
background_v2_8;0.96289;-0.19348
background_v2_9;0.92629;-0.13706
background_v2_10;0.97869;-0.07891
background_v2_11;0.90467;-0.00566
background_v2_12;0.95625;0.02515
background_v2_13;0.9688;0.08022
background_v2_14;0.9396;0.14366
background_v2_15;0.90316;0.16777
background_v2_16;0.90253;0.23745
background_v2_17;0.91659;0.29355
background_v2_18;0.90782;0.33258
background_v2_19;0.94501;0.38923
background_v2_20;0.96281;0.46794
background_v2_21;0.918;0.51132
background_v2_22;0.95824;0.5627
background_v2_23;0.96788;0.6368
background_v2_24;1.01961;0.66602
background_v2_25;0.99639;0.73026
background_v2_26;1.04934;0.78843
background_v2_27;1.03095;0.85968
background_v2_28;1.04673;0.94254
background_v3_0;1.10286;-0.70361
background_v3_1;1.03474;-0.67793
background_v3_2;0.99361;-0.53743
background_v3_3;0.95719;-0.48329
background_v3_4;0.92268;-0.42681
background_v3_5;0.80364;-0.37159
background_v3_6;0.78994;-0.32022
background_v3_7;0.75715;-0.28067
background_v3_8;0.70186;-0.24089
background_v3_9;0.6952;-0.16576
background_v3_10;0.73657;-0.11732
background_v3_11;0.68963;-0.05006
background_v3_12;0.63755;0.00534
background_v3_13;0.68581;0.05885
background_v3_14;0.64562;0.12001
background_v3_15;0.67178;0.1727
background_v3_16;0.65532;0.22693
background_v3_17;0.6929;0.27909
background_v3_18;0.68294;0.34692
background_v3_19;0.6849;0.4086
background_v3_20;0.73868;0.43553
background_v3_21;0.73649;0.51332
background_v3_22;0.75271;0.57172
background_v3_23;0.79028;0.63645
background_v3_24;0.84225;0.697
background_v3_25;0.86102;0.75281
background_v3_26;0.88053;0.82694
background_v3_27;0.94017;0.87858
background_v3_28;0.98265;0.93666
background_h1_0;1.26742;-0.55565
background_h1_1;1.17021;-0.535
background_h1_2;1.09291;-0.53312
background_h1_3;1.03203;-0.55122
background_h1_4;0.98373;-0.58635
background_h2_0;1.34334;-0.38863
background_h2_1;1.28617;-0.38129
background_h2_2;1.17661;-0.36759
background_h2_3;1.11264;-0.35653
background_h2_4;1.00419;-0.34184
background_h2_5;0.95897;-0.34086
background_h2_6;0.88928;-0.33786
background_h2_7;0.72714;-0.38258
background_h2_8;0.71767;-0.44322
background_h3_0;1.39442;-0.22451
background_h3_1;1.32242;-0.22747
background_h3_2;1.26668;-0.19408
background_h3_3;1.14844;-0.20301
background_h3_4;1.07907;-0.19502
background_h3_5;1.02462;-0.18378
background_h3_6;0.89944;-0.18469
background_h3_7;0.84184;-0.21651
background_h3_8;0.7915;-0.17836
background_h3_9;0.73279;-0.21952
background_h3_10;0.64744;-0.26205
background_h3_11;0.59941;-0.2641
background_h4_0;1.42692;-0.05733
background_h4_1;1.35208;-0.05968
background_h4_2;1.27286;-0.0492
background_h4_3;1.15477;-0.0452
background_h4_4;1.09136;-0.01952
background_h4_5;1.02264;-0.02685
background_h4_6;0.92471;-0.04158
background_h4_7;0.84983;-0.04073
background_h4_8;0.79408;-0.01004
background_h4_9;0.73905;-0.03679
background_h4_10;0.65327;-0.0806
background_h4_11;0.59209;-0.06762
background_h4_12;0.55408;-0.1161
background_h5_0;1.43219;0.11173
background_h5_1;1.36082;0.10919
background_h5_2;1.30162;0.13095
background_h5_3;1.18212;0.14071
background_h5_4;1.11851;0.12261
background_h5_5;1.05342;0.14128
background_h5_6;0.99049;0.14475
background_h5_7;0.86981;0.11992
background_h5_8;0.8121;0.13839
background_h5_9;0.75522;0.10935
background_h5_10;0.69243;0.12002
background_h5_11;0.60492;0.14971
background_h5_12;0.57824;0.10572
background_h5_13;0.51904;0.07809
background_h6_0;1.4081;0.28804
background_h6_1;1.35485;0.28649
background_h6_2;1.28243;0.28603
background_h6_3;1.14778;0.29012
background_h6_4;1.08628;0.3049
background_h6_5;1.02232;0.29327
background_h6_6;0.97047;0.30573
background_h6_7;0.83909;0.28674
background_h6_8;0.78471;0.30568
background_h6_9;0.74198;0.27847
background_h6_10;0.62485;0.29
background_h6_11;0.57966;0.31606
background_h6_12;0.52582;0.26672
background_h7_0;1.38687;0.45835
background_h7_1;1.31638;0.45824
background_h7_2;1.25363;0.45791
background_h7_3;1.14067;0.45906
background_h7_4;1.06871;0.4533
background_h7_5;1.00802;0.44333
background_h7_6;0.89829;0.45671
background_h7_7;0.84875;0.45461
background_h7_8;0.78988;0.45658
background_h7_9;0.69311;0.48079
background_h7_10;0.62784;0.45832
background_h7_11;0.58531;0.48191
background_h8_0;1.31878;0.62844
background_h8_1;1.20485;0.6288
background_h8_2;1.12881;0.62162
background_h8_3;1.07118;0.61721
background_h8_4;0.99879;0.60859
background_h8_5;0.89735;0.61906
background_h8_6;0.85124;0.62457
background_h8_7;0.74004;0.63881
background_h8_8;0.68886;0.65674
background_h9_0;1.19594;0.81364
background_h9_1;1.10433;0.81371
background_h9_2;1.00351;0.79369
background_h9_3;0.94591;0.80774
background_h9_4;0.83467;0.80119
pabulib_0;0.8381;-0.36463
pabulib_1;0.89252;-0.38908
pabulib_2;0.76495;-0.45744
pabulib_3;0.9728;-0.54346
pabulib_4;1.12958;-0.76017
pabulib_5;0.79323;-0.49162
pabulib_6;0.84448;-0.57069
pabulib_7;0.90055;-0.58386
pabulib_8;1.04456;-0.60142
pabulib_9;0.89481;-0.62387
pabulib_10;0.9664;-0.67134
pabulib_11;0.95775;-0.62735
pabulib_12;1.1492;-0.78937
pabulib_13;1.15995;-0.77346
pabulib_14;0.93431;-0.65484
pabulib_15;0.94831;-0.70227
pabulib_16;1.03238;-0.63003
pabulib_17;1.06076;-0.63905
pabulib_18;0.83759;-0.48374
pabulib_19;0.87096;-0.6419
pabulib_20;0.99266;-0.67679
pabulib_21;0.8446;-0.54261
pabulib_22;0.85965;-0.4117
pabulib_23;0.93282;-0.68007
pabulib_24;0.97913;-0.6428
pabulib_25;0.86841;-0.60394
pabulib_26;1.01391;-0.6492
pabulib_27;0.72347;-0.3431
pabulib_28;0.82947;-0.59167
pabulib_29;1.15152;-0.75634
pabulib_30;0.76849;-0.39605
pabulib_31;0.95064;-0.57395
pabulib_32;0.92302;-0.56766
pabulib_33;0.89938;-0.64978
pabulib_34;0.87518;-0.56988
pabulib_35;0.88434;-0.54009
pabulib_36;0.92202;-0.62129
pabulib_37;1.1604;-0.77402
pabulib_38;1.09186;-0.74205
pabulib_39;0.81454;-0.43201
pabulib_40;0.87094;-0.456
pabulib_41;0.94141;-0.60235
pabulib_42;0.887;-0.5121
pabulib_43;1.08183;-0.76198
