election_id;value;bound;num_large_parties
ID 0.5;1000.0
IC 0.5;532.0
full;1000.0
empty;0.0
background_id_0;1000.0
background_id_1;1000.0
background_id_2;1000.0
background_id_3;1000.0
background_id_4;1000.0
background_id_5;1000.0
background_id_6;1000.0
background_id_7;1000.0
background_id_8;1000.0
background_id_9;1000.0
background_id_10;1000.0
background_id_11;1000.0
background_id_12;1000.0
background_id_13;1000.0
background_id_14;1000.0
background_id_15;1000.0
background_id_16;1000.0
background_id_17;1000.0
background_id_18;1000.0
background_id_19;1000.0
background_id_20;1000.0
background_id_21;1000.0
background_id_22;1000.0
background_id_23;1000.0
background_id_24;1000.0
background_id_25;1000.0
background_id_26;1000.0
background_id_27;1000.0
background_id_28;1000.0
background_ic_0;48.0
background_ic_1;91.0
background_ic_2;128.0
background_ic_3;160.0
background_ic_4;196.0
background_ic_5;237.0
background_ic_6;275.0
background_ic_7;297.0
background_ic_8;332.0
background_ic_9;370.0
background_ic_10;397.0
background_ic_11;439.0
background_ic_12;482.0
background_ic_13;507.0
background_ic_14;554.0
background_ic_15;572.0
background_ic_16;606.0
background_ic_17;637.0
background_ic_18;677.0
background_ic_19;699.0
background_ic_20;741.0
background_ic_21;756.0
background_ic_22;793.0
background_ic_23;827.0
background_ic_24;866.0
background_ic_25;890.0
background_ic_26;927.0
background_ic_27;953.0
background_ic_28;982.0
background_v1_0;789.0
background_v1_1;789.0
background_v1_2;780.0
background_v1_3;809.0
background_v1_4;810.0
background_v1_5;834.0
background_v1_6;830.0
background_v1_7;846.0
background_v1_8;870.0
background_v1_9;852.0
background_v1_10;863.0
background_v1_11;866.0
background_v1_12;885.0
background_v1_13;901.0
background_v1_14;891.0
background_v1_15;909.0
background_v1_16;917.0
background_v1_17;920.0
background_v1_18;927.0
background_v1_19;933.0
background_v1_20;942.0
background_v1_21;951.0
background_v1_22;958.0
background_v1_23;970.0
background_v1_24;974.0
background_v1_25;981.0
background_v1_26;984.0
background_v1_27;992.0
background_v1_28;999.0
background_v2_0;526.0
background_v2_1;552.0
background_v2_2;576.0
background_v2_3;596.0
background_v2_4;620.0
background_v2_5;630.0
background_v2_6;647.0
background_v2_7;651.0
background_v2_8;676.0
background_v2_9;695.0
background_v2_10;709.0
background_v2_11;740.0
background_v2_12;746.0
background_v2_13;762.0
background_v2_14;778.0
background_v2_15;798.0
background_v2_16;812.0
background_v2_17;831.0
background_v2_18;840.0
background_v2_19;854.0
background_v2_20;873.0
background_v2_21;889.0
background_v2_22;902.0
background_v2_23;923.0
background_v2_24;938.0
background_v2_25;950.0
background_v2_26;962.0
background_v2_27;981.0
background_v2_28;993.0
background_v3_0;280.0
background_v3_1;309.0
background_v3_2;352.0
background_v3_3;381.0
background_v3_4;406.0
background_v3_5;441.0
background_v3_6;465.0
background_v3_7;468.0
background_v3_8;512.0
background_v3_9;545.0
background_v3_10;557.0
background_v3_11;580.0
background_v3_12;600.0
background_v3_13;633.0
background_v3_14;651.0
background_v3_15;681.0
background_v3_16;704.0
background_v3_17;737.0
background_v3_18;750.0
background_v3_19;784.0
background_v3_20;810.0
background_v3_21;822.0
background_v3_22;861.0
background_v3_23;875.0
background_v3_24;897.0
background_v3_25;926.0
background_v3_26;947.0
background_v3_27;963.0
background_v3_28;987.0
background_h1_0;864.0
background_h1_1;712.0
background_h1_2;570.0
background_h1_3;408.0
background_h1_4;264.0
background_h2_0;939.0
background_h2_1;874.0
background_h2_2;785.0
background_h2_3;708.0
background_h2_4;635.0
background_h2_5;557.0
background_h2_6;461.0
background_h2_7;413.0
background_h2_8;305.0
background_h3_0;964.0
background_h3_1;911.0
background_h3_2;857.0
background_h3_3;808.0
background_h3_4;759.0
background_h3_5;703.0
background_h3_6;661.0
background_h3_7;606.0
background_h3_8;545.0
background_h3_9;496.0
background_h3_10;446.0
background_h3_11;385.0
background_h4_0;970.0
background_h4_1;924.0
background_h4_2;903.0
background_h4_3;856.0
background_h4_4;808.0
background_h4_5;783.0
background_h4_6;722.0
background_h4_7;702.0
background_h4_8;657.0
background_h4_9;625.0
background_h4_10;557.0
background_h4_11;522.0
background_h4_12;485.0
background_h5_0;975.0
background_h5_1;946.0
background_h5_2;920.0
background_h5_3;891.0
background_h5_4;861.0
background_h5_5;830.0
background_h5_6;801.0
background_h5_7;765.0
background_h5_8;728.0
background_h5_9;708.0
background_h5_10;658.0
background_h5_11;637.0
background_h5_12;599.0
background_h5_13;578.0
background_h6_0;983.0
background_h6_1;957.0
background_h6_2;941.0
background_h6_3;906.0
background_h6_4;879.0
background_h6_5;862.0
background_h6_6;830.0
background_h6_7;801.0
background_h6_8;782.0
background_h6_9;749.0
background_h6_10;723.0
background_h6_11;682.0
background_h6_12;658.0
background_h7_0;986.0
background_h7_1;967.0
background_h7_2;950.0
background_h7_3;933.0
background_h7_4;904.0
background_h7_5;889.0
background_h7_6;863.0
background_h7_7;850.0
background_h7_8;819.0
background_h7_9;807.0
background_h7_10;778.0
background_h7_11;755.0
background_h8_0;989.0
background_h8_1;977.0
background_h8_2;955.0
background_h8_3;940.0
background_h8_4;917.0
background_h8_5;901.0
background_h8_6;886.0
background_h8_7;867.0
background_h8_8;850.0
background_h9_0;992.0
background_h9_1;980.0
background_h9_2;963.0
background_h9_3;956.0
background_h9_4;935.0
