election_id;x;y
ID 0.5;0.74297;0.20033
IC 0.5;-0.3948;0.20033
full;0.20943;1.15387
empty;0.27717;-0.71214
background_id_0;0.3487;-0.66873
background_id_1;0.42801;-0.60399
background_id_2;0.4898;-0.5371
background_id_3;0.52124;-0.4856
background_id_4;0.56844;-0.4224
background_id_5;0.60669;-0.35738
background_id_6;0.62608;-0.3086
background_id_7;0.65939;-0.24236
background_id_8;0.67886;-0.17687
background_id_9;0.69524;-0.12402
background_id_10;0.717;-0.06184
background_id_11;0.71497;0.00757
background_id_12;0.73951;0.05721
background_id_13;0.74526;0.12248
background_id_14;0.72424;0.20394
background_id_15;0.74906;0.26163
background_id_16;0.7427;0.33104
background_id_17;0.72387;0.39664
background_id_18;0.7306;0.44934
background_id_19;0.70994;0.52092
background_id_20;0.68907;0.58633
background_id_21;0.67807;0.64343
background_id_22;0.64677;0.71236
background_id_23;0.61492;0.77772
background_id_24;0.58871;0.8357
background_id_25;0.54173;0.90075
background_id_26;0.4885;0.96933
background_id_27;0.44508;1.02279
background_id_28;0.36105;1.09382
background_ic_0;0.13333;-0.65967
background_ic_1;0.0464;-0.61515
background_ic_2;-0.03051;-0.54844
background_ic_3;-0.09579;-0.46823
background_ic_4;-0.14247;-0.41354
background_ic_5;-0.19249;-0.35898
background_ic_6;-0.22879;-0.28926
background_ic_7;-0.25947;-0.22941
background_ic_8;-0.3046;-0.1782
background_ic_9;-0.31379;-0.10391
background_ic_10;-0.33574;-0.04949
background_ic_11;-0.37134;0.01335
background_ic_12;-0.3779;0.08189
background_ic_13;-0.36235;0.14163
background_ic_14;-0.39858;0.22394
background_ic_15;-0.37449;0.2912
background_ic_16;-0.37067;0.35424
background_ic_17;-0.3728;0.41809
background_ic_18;-0.34653;0.4823
background_ic_19;-0.32376;0.54764
background_ic_20;-0.30782;0.6202
background_ic_21;-0.26817;0.68576
background_ic_22;-0.22145;0.73516
background_ic_23;-0.19635;0.80315
background_ic_24;-0.13667;0.86526
background_ic_25;-0.08259;0.91365
background_ic_26;-0.03466;0.97702
background_ic_27;0.03812;1.0372
background_ic_28;0.1103;1.09459
background_v1_0;0.30748;-0.64309
background_v1_1;0.35642;-0.56545
background_v1_2;0.38312;-0.48691
background_v1_3;0.38295;-0.41892
background_v1_4;0.40449;-0.36208
background_v1_5;0.40922;-0.29203
background_v1_6;0.40116;-0.23739
background_v1_7;0.42148;-0.18253
background_v1_8;0.41025;-0.11341
background_v1_9;0.40053;-0.06005
background_v1_10;0.42621;-0.00434
background_v1_11;0.42286;0.06014
background_v1_12;0.40638;0.11747
background_v1_13;0.44299;0.1658
background_v1_14;0.43305;0.23297
background_v1_15;0.41638;0.28319
background_v1_16;0.42327;0.34277
background_v1_17;0.4144;0.40758
background_v1_18;0.44528;0.46107
background_v1_19;0.40735;0.5124
background_v1_20;0.40207;0.57929
background_v1_21;0.42063;0.63325
background_v1_22;0.38924;0.68999
background_v1_23;0.39524;0.75844
background_v1_24;0.40186;0.81692
background_v1_25;0.3586;0.87301
background_v1_26;0.34404;0.94544
background_v1_27;0.34134;1.00617
background_v1_28;0.29654;1.08333
background_v2_0;0.26647;-0.62871
background_v2_1;0.28158;-0.54657
background_v2_2;0.26616;-0.44946
background_v2_3;0.24216;-0.38943
background_v2_4;0.23324;-0.31898
background_v2_5;0.22291;-0.24374
background_v2_6;0.19952;-0.18864
background_v2_7;0.15293;-0.1365
background_v2_8;0.15774;-0.07067
background_v2_9;0.14174;-0.02383
background_v2_10;0.0934;0.02616
background_v2_11;0.15402;0.09009
background_v2_12;0.09182;0.14475
background_v2_13;0.14247;0.18851
background_v2_14;0.10822;0.24735
background_v2_15;0.13324;0.3006
background_v2_16;0.09984;0.35386
background_v2_17;0.13082;0.4136
background_v2_18;0.16155;0.46766
background_v2_19;0.11357;0.52124
background_v2_20;0.14164;0.58413
background_v2_21;0.171;0.6346
background_v2_22;0.13939;0.69242
background_v2_23;0.17211;0.7595
background_v2_24;0.21056;0.80894
background_v2_25;0.18054;0.86887
background_v2_26;0.18894;0.94685
background_v2_27;0.23332;1.00187
background_v2_28;0.23174;1.07837
background_v3_0;0.21426;-0.63458
background_v3_1;0.19711;-0.57321
background_v3_2;0.00988;-0.50628
background_v3_3;-0.02474;-0.45483
background_v3_4;0.06129;-0.28921
background_v3_5;-0.00145;-0.23561
background_v3_6;-0.04221;-0.18888
background_v3_7;-0.10692;-0.16185
background_v3_8;-0.08948;-0.09667
background_v3_9;-0.11578;-0.03587
background_v3_10;-0.16394;0.00052
background_v3_11;-0.14876;0.07346
background_v3_12;-0.13864;0.13128
background_v3_13;-0.1862;0.17454
background_v3_14;-0.15718;0.23915
background_v3_15;-0.17123;0.30455
background_v3_16;-0.16303;0.35998
background_v3_17;-0.14819;0.42453
background_v3_18;-0.11977;0.48508
background_v3_19;-0.15149;0.53634
background_v3_20;-0.08596;0.58718
background_v3_21;-0.08858;0.66033
background_v3_22;-0.04849;0.70415
background_v3_23;-0.01787;0.77281
background_v3_24;-0.00069;0.83319
background_v3_25;0.04772;0.88
background_v3_26;0.0741;0.95819
background_v3_27;0.12698;1.01268
background_v3_28;0.17057;1.08066
background_h1_0;0.42942;-0.49283
background_h1_1;0.34104;-0.46536
background_h1_2;0.27403;-0.46841
background_h1_3;0.06225;-0.55334
background_h1_4;0.01795;-0.53891
background_h2_0;0.52927;-0.31625
background_h2_1;0.45922;-0.30079
background_h2_2;0.35564;-0.27669
background_h2_3;0.29118;-0.25567
background_h2_4;0.18882;-0.24343
background_h2_5;0.12499;-0.23133
background_h2_6;0.05041;-0.22713
background_h2_7;-0.06034;-0.2478
background_h2_8;-0.14863;-0.31582
background_h3_0;0.5936;-0.14257
background_h3_1;0.52486;-0.13009
background_h3_2;0.45572;-0.11431
background_h3_3;0.34333;-0.09607
background_h3_4;0.27681;-0.07937
background_h3_5;0.21048;-0.06114
background_h3_6;0.09021;-0.07241
background_h3_7;0.024;-0.07429
background_h3_8;-0.03208;-0.06622
background_h3_9;-0.14733;-0.09756
background_h3_10;-0.20267;-0.12174
background_h3_11;-0.25271;-0.15057
background_h4_0;0.62701;0.03217
background_h4_1;0.55387;0.04268
background_h4_2;0.48345;0.05815
background_h4_3;0.35768;0.06778
background_h4_4;0.28928;0.0855
background_h4_5;0.22291;0.09006
background_h4_6;0.11855;0.08864
background_h4_7;0.03156;0.09426
background_h4_8;-0.03559;0.08641
background_h4_9;-0.09576;0.07246
background_h4_10;-0.20069;0.06465
background_h4_11;-0.25341;0.04475
background_h4_12;-0.31359;0.03158
background_h5_0;0.64197;0.21281
background_h5_1;0.57286;0.2224
background_h5_2;0.50368;0.23806
background_h5_3;0.38665;0.2371
background_h5_4;0.31135;0.24684
background_h5_5;0.24933;0.25359
background_h5_6;0.18338;0.25456
background_h5_7;0.06191;0.26237
background_h5_8;-0.00347;0.2515
background_h5_9;-0.06283;0.25161
background_h5_10;-0.1255;0.24682
background_h5_11;-0.2253;0.23053
background_h5_12;-0.27974;0.24393
background_h5_13;-0.33041;0.22226
background_h6_0;0.63379;0.39815
background_h6_1;0.56291;0.40494
background_h6_2;0.49227;0.40369
background_h6_3;0.35829;0.41075
background_h6_4;0.28493;0.41982
background_h6_5;0.21967;0.40738
background_h6_6;0.10233;0.42741
background_h6_7;0.03325;0.41398
background_h6_8;-0.02801;0.42196
background_h6_9;-0.0913;0.41171
background_h6_10;-0.1988;0.43157
background_h6_11;-0.25586;0.42145
background_h6_12;-0.31206;0.41501
background_h7_0;0.60227;0.5819
background_h7_1;0.53006;0.58588
background_h7_2;0.45702;0.58261
background_h7_3;0.33203;0.58283
background_h7_4;0.26773;0.58004
background_h7_5;0.20304;0.57594
background_h7_6;0.08573;0.59774
background_h7_7;0.02075;0.58859
background_h7_8;-0.03226;0.58543
background_h7_9;-0.13044;0.61086
background_h7_10;-0.19406;0.61518
background_h7_11;-0.24941;0.5987
background_h8_0;0.52483;0.76607
background_h8_1;0.45621;0.76152
background_h8_2;0.33234;0.75729
background_h8_3;0.26663;0.75518
background_h8_4;0.19279;0.74376
background_h8_5;0.09062;0.76396
background_h8_6;0.03022;0.76052
background_h8_7;-0.07285;0.78225
background_h8_8;-0.1333;0.78743
background_h9_0;0.40032;0.95068
background_h9_1;0.29353;0.94247
background_h9_2;0.21408;0.93534
background_h9_3;0.11749;0.94303
background_h9_4;0.02248;0.96038
pabulib_0;-0.07316;-0.28174
pabulib_1;-0.03683;-0.29957
pabulib_2;-0.07663;-0.36454
pabulib_3;0.15058;-0.39993
pabulib_4;0.21119;-0.71128
pabulib_5;-0.03938;-0.39385
pabulib_6;0.02136;-0.43241
pabulib_7;0.09585;-0.47117
pabulib_8;0.15896;-0.5565
pabulib_9;0.09703;-0.44084
pabulib_10;0.11087;-0.59601
pabulib_11;0.08316;-0.49702
pabulib_12;0.27012;-0.71202
pabulib_13;0.25555;-0.69171
pabulib_14;0.11475;-0.54183
pabulib_15;0.0881;-0.5568
pabulib_16;0.20159;-0.53772
pabulib_17;0.21344;-0.5085
pabulib_18;-0.0017;-0.38972
pabulib_19;0.10061;-0.50528
pabulib_20;0.15437;-0.52969
pabulib_21;0.09245;-0.40654
pabulib_22;0.01216;-0.32032
pabulib_23;0.14684;-0.4766
pabulib_24;0.138;-0.58287
pabulib_25;0.06683;-0.43763
pabulib_26;0.17375;-0.47672
pabulib_27;-0.13494;-0.23787
pabulib_28;0.05232;-0.40502
pabulib_29;0.23911;-0.71743
pabulib_30;-0.09518;-0.31242
pabulib_31;0.12636;-0.41261
pabulib_32;0.15729;-0.43974
pabulib_33;0.12346;-0.44523
pabulib_34;0.10507;-0.39173
pabulib_35;0.04902;-0.5163
pabulib_36;0.04906;-0.4691
pabulib_37;0.23761;-0.6939
pabulib_38;0.19159;-0.6725
pabulib_39;-0.00882;-0.35553
pabulib_40;0.05155;-0.34475
pabulib_41;0.12652;-0.49278
pabulib_42;0.08853;-0.33871
pabulib_43;0.17134;-0.69231
