election_id;value
ID 0.5;10
IC 0.5;2
full;10
empty;0
background_id_0;1
background_id_1;3
background_id_2;5
background_id_3;6
background_id_4;8
background_id_5;10
background_id_6;10
background_id_7;10
background_id_8;10
background_id_9;10
background_id_10;10
background_id_11;10
background_id_12;10
background_id_13;10
background_id_14;10
background_id_15;10
background_id_16;10
background_id_17;10
background_id_18;10
background_id_19;10
background_id_20;10
background_id_21;10
background_id_22;10
background_id_23;10
background_id_24;10
background_id_25;10
background_id_26;10
background_id_27;10
background_id_28;10
background_ic_0;1
background_ic_1;1
background_ic_2;1
background_ic_3;1
background_ic_4;1
background_ic_5;1
background_ic_6;1
background_ic_7;1
background_ic_8;1
background_ic_9;2
background_ic_10;2
background_ic_11;2
background_ic_12;2
background_ic_13;2
background_ic_14;2
background_ic_15;3
background_ic_16;3
background_ic_17;3
background_ic_18;3
background_ic_19;3
background_ic_20;4
background_ic_21;4
background_ic_22;4
background_ic_23;5
background_ic_24;5
background_ic_25;6
background_ic_26;7
background_ic_27;8
background_ic_28;9
background_v1_0;1
background_v1_1;3
background_v1_2;4
background_v1_3;4
background_v1_4;4
background_v1_5;4
background_v1_6;5
background_v1_7;5
background_v1_8;5
background_v1_9;5
background_v1_10;5
background_v1_11;5
background_v1_12;5
background_v1_13;5
background_v1_14;6
background_v1_15;6
background_v1_16;6
background_v1_17;6
background_v1_18;7
background_v1_19;7
background_v1_20;7
background_v1_21;7
background_v1_22;8
background_v1_23;8
background_v1_24;9
background_v1_25;9
background_v1_26;9
background_v1_27;10
background_v1_28;10
background_v2_0;1
background_v2_1;2
background_v2_2;2
background_v2_3;2
background_v2_4;2
background_v2_5;3
background_v2_6;3
background_v2_7;3
background_v2_8;3
background_v2_9;3
background_v2_10;3
background_v2_11;3
background_v2_12;4
background_v2_13;4
background_v2_14;4
background_v2_15;4
background_v2_16;5
background_v2_17;5
background_v2_18;4
background_v2_19;5
background_v2_20;5
background_v2_21;6
background_v2_22;6
background_v2_23;7
background_v2_24;7
background_v2_25;8
background_v2_26;8
background_v2_27;8
background_v2_28;9
background_v3_0;1
background_v3_1;1
background_v3_2;1
background_v3_3;1
background_v3_4;2
background_v3_5;2
background_v3_6;2
background_v3_7;2
background_v3_8;2
background_v3_9;2
background_v3_10;2
background_v3_11;3
background_v3_12;3
background_v3_13;3
background_v3_14;3
background_v3_15;3
background_v3_16;3
background_v3_17;4
background_v3_18;4
background_v3_19;4
background_v3_20;4
background_v3_21;5
background_v3_22;5
background_v3_23;5
background_v3_24;6
background_v3_25;7
background_v3_26;8
background_v3_27;8
background_v3_28;9
background_h1_0;4
background_h1_1;3
background_h1_2;2
background_h1_3;2
background_h1_4;1
background_h2_0;6
background_h2_1;5
background_h2_2;4
background_h2_3;3
background_h2_4;3
background_h2_5;2
background_h2_6;2
background_h2_7;1
background_h2_8;1
background_h3_0;7
background_h3_1;6
background_h3_2;5
background_h3_3;4
background_h3_4;3
background_h3_5;3
background_h3_6;3
background_h3_7;3
background_h3_8;2
background_h3_9;2
background_h3_10;2
background_h3_11;2
background_h4_0;8
background_h4_1;7
background_h4_2;5
background_h4_3;5
background_h4_4;4
background_h4_5;4
background_h4_6;3
background_h4_7;3
background_h4_8;3
background_h4_9;2
background_h4_10;2
background_h4_11;2
background_h4_12;2
background_h5_0;8
background_h5_1;7
background_h5_2;6
background_h5_3;5
background_h5_4;5
background_h5_5;5
background_h5_6;4
background_h5_7;4
background_h5_8;3
background_h5_9;3
background_h5_10;3
background_h5_11;3
background_h5_12;3
background_h5_13;3
background_h6_0;9
background_h6_1;7
background_h6_2;7
background_h6_3;6
background_h6_4;5
background_h6_5;5
background_h6_6;4
background_h6_7;4
background_h6_8;4
background_h6_9;3
background_h6_10;3
background_h6_11;3
background_h6_12;3
background_h7_0;9
background_h7_1;8
background_h7_2;7
background_h7_3;7
background_h7_4;6
background_h7_5;5
background_h7_6;5
background_h7_7;5
background_h7_8;5
background_h7_9;4
background_h7_10;4
background_h7_11;4
background_h8_0;9
background_h8_1;9
background_h8_2;8
background_h8_3;7
background_h8_4;6
background_h8_5;6
background_h8_6;6
background_h8_7;6
background_h8_8;5
background_h9_0;9
background_h9_1;9
background_h9_2;8
background_h9_3;7
background_h9_4;7
