election_id;value
ID 0.5;1000.0
IC 0.5;545.0
full;1000.0
empty;0.0
background_id_0;1000.0
background_id_1;1000.0
background_id_2;1000.0
background_id_3;1000.0
background_id_4;1000.0
background_id_5;1000.0
background_id_6;1000.0
background_id_7;1000.0
background_id_8;1000.0
background_id_9;1000.0
background_id_10;1000.0
background_id_11;1000.0
background_id_12;1000.0
background_id_13;1000.0
background_id_14;1000.0
background_id_15;1000.0
background_id_16;1000.0
background_id_17;1000.0
background_id_18;1000.0
background_id_19;1000.0
background_id_20;1000.0
background_id_21;1000.0
background_id_22;1000.0
background_id_23;1000.0
background_id_24;1000.0
background_id_25;1000.0
background_id_26;1000.0
background_id_27;1000.0
background_id_28;1000.0
background_ic_0;47.0
background_ic_1;84.0
background_ic_2;119.0
background_ic_3;155.0
background_ic_4;200.0
background_ic_5;237.0
background_ic_6;268.0
background_ic_7;299.0
background_ic_8;338.0
background_ic_9;367.0
background_ic_10;404.0
background_ic_11;442.0
background_ic_12;475.0
background_ic_13;514.0
background_ic_14;539.0
background_ic_15;570.0
background_ic_16;598.0
background_ic_17;640.0
background_ic_18;668.0
background_ic_19;704.0
background_ic_20;733.0
background_ic_21;772.0
background_ic_22;799.0
background_ic_23;844.0
background_ic_24;862.0
background_ic_25;900.0
background_ic_26;923.0
background_ic_27;950.0
background_ic_28;978.0
background_v1_0;755.0
background_v1_1;789.0
background_v1_2;801.0
background_v1_3;794.0
background_v1_4;808.0
background_v1_5;825.0
background_v1_6;822.0
background_v1_7;838.0
background_v1_8;845.0
background_v1_9;857.0
background_v1_10;867.0
background_v1_11;875.0
background_v1_12;878.0
background_v1_13;887.0
background_v1_14;904.0
background_v1_15;903.0
background_v1_16;912.0
background_v1_17;919.0
background_v1_18;926.0
background_v1_19;933.0
background_v1_20;948.0
background_v1_21;949.0
background_v1_22;961.0
background_v1_23;964.0
background_v1_24;971.0
background_v1_25;984.0
background_v1_26;990.0
background_v1_27;993.0
background_v1_28;997.0
background_v2_0;515.0
background_v2_1;557.0
background_v2_2;587.0
background_v2_3;574.0
background_v2_4;606.0
background_v2_5;634.0
background_v2_6;637.0
background_v2_7;670.0
background_v2_8;682.0
background_v2_9;695.0
background_v2_10;719.0
background_v2_11;734.0
background_v2_12;757.0
background_v2_13;763.0
background_v2_14;768.0
background_v2_15;792.0
background_v2_16;821.0
background_v2_17;832.0
background_v2_18;851.0
background_v2_19;857.0
background_v2_20;884.0
background_v2_21;892.0
background_v2_22;908.0
background_v2_23;926.0
background_v2_24;933.0
background_v2_25;954.0
background_v2_26;969.0
background_v2_27;979.0
background_v2_28;991.0
background_v3_0;289.0
background_v3_1;321.0
background_v3_2;346.0
background_v3_3;361.0
background_v3_4;403.0
background_v3_5;417.0
background_v3_6;480.0
background_v3_7;484.0
background_v3_8;501.0
background_v3_9;531.0
background_v3_10;565.0
background_v3_11;580.0
background_v3_12;598.0
background_v3_13;631.0
background_v3_14;657.0
background_v3_15;674.0
background_v3_16;704.0
background_v3_17;747.0
background_v3_18;754.0
background_v3_19;780.0
background_v3_20;797.0
background_v3_21;831.0
background_v3_22;851.0
background_v3_23;868.0
background_v3_24;894.0
background_v3_25;923.0
background_v3_26;946.0
background_v3_27;963.0
background_v3_28;987.0
background_h1_0;870.0
background_h1_1;731.0
background_h1_2;564.0
background_h1_3;414.0
background_h1_4;282.0
background_h2_0;927.0
background_h2_1;861.0
background_h2_2;787.0
background_h2_3;704.0
background_h2_4;633.0
background_h2_5;550.0
background_h2_6;494.0
background_h2_7;389.0
background_h2_8;319.0
background_h3_0;959.0
background_h3_1;911.0
background_h3_2;851.0
background_h3_3;821.0
background_h3_4;752.0
background_h3_5;701.0
background_h3_6;647.0
background_h3_7;597.0
background_h3_8;543.0
background_h3_9;494.0
background_h3_10;440.0
background_h3_11;369.0
background_h4_0;967.0
background_h4_1;929.0
background_h4_2;889.0
background_h4_3;852.0
background_h4_4;815.0
background_h4_5;768.0
background_h4_6;728.0
background_h4_7;688.0
background_h4_8;643.0
background_h4_9;600.0
background_h4_10;555.0
background_h4_11;514.0
background_h4_12;485.0
background_h5_0;976.0
background_h5_1;951.0
background_h5_2;920.0
background_h5_3;884.0
background_h5_4;862.0
background_h5_5;823.0
background_h5_6;791.0
background_h5_7;761.0
background_h5_8;730.0
background_h5_9;701.0
background_h5_10;664.0
background_h5_11;620.0
background_h5_12;604.0
background_h5_13;565.0
background_h6_0;981.0
background_h6_1;959.0
background_h6_2;934.0
background_h6_3;909.0
background_h6_4;875.0
background_h6_5;853.0
background_h6_6;837.0
background_h6_7;801.0
background_h6_8;766.0
background_h6_9;744.0
background_h6_10;715.0
background_h6_11;681.0
background_h6_12;667.0
background_h7_0;991.0
background_h7_1;966.0
background_h7_2;943.0
background_h7_3;936.0
background_h7_4;911.0
background_h7_5;889.0
background_h7_6;871.0
background_h7_7;844.0
background_h7_8;829.0
background_h7_9;811.0
background_h7_10;774.0
background_h7_11;752.0
background_h8_0;990.0
background_h8_1;973.0
background_h8_2;960.0
background_h8_3;939.0
background_h8_4;921.0
background_h8_5;903.0
background_h8_6;884.0
background_h8_7;871.0
background_h8_8;850.0
background_h9_0;991.0
background_h9_1;980.0
background_h9_2;968.0
background_h9_3;957.0
background_h9_4;935.0
1D_0;20.0
1D_1;33.0
1D_2;43.0
1D_3;50.0
1D_4;66.0
1D_5;83.0
1D_6;90.0
1D_7;95.0
1D_8;103.0
1D_9;119.0
1D_10;139.0
1D_11;142.0
1D_12;157.0
1D_13;151.0
1D_14;197.0
1D_15;196.0
1D_16;199.0
1D_17;195.0
1D_18;209.0
1D_19;234.0
1D_20;240.0
1D_21;236.0
1D_22;246.0
1D_23;262.0
1D_24;268.0
1D_25;280.0
1D_26;305.0
1D_27;312.0
1D_28;327.0
1D_29;332.0
1D_30;334.0
1D_31;333.0
1D_32;346.0
1D_33;360.0
1D_34;391.0
1D_35;397.0
1D_36;399.0
1D_37;415.0
1D_38;417.0
1D_39;411.0
1D_40;418.0
1D_41;441.0
1D_42;458.0
1D_43;466.0
1D_44;462.0
1D_45;477.0
1D_46;494.0
1D_47;502.0
1D_48;505.0
1D_49;509.0
1D_50;540.0
1D_51;546.0
1D_52;551.0
1D_53;575.0
1D_54;572.0
1D_55;589.0
1D_56;594.0
1D_57;585.0
1D_58;617.0
1D_59;623.0
1D_60;624.0
1D_61;614.0
1D_62;653.0
1D_63;671.0
1D_64;665.0
1D_65;694.0
1D_66;695.0
1D_67;707.0
1D_68;698.0
1D_69;733.0
1D_70;725.0
1D_71;730.0
1D_72;729.0
1D_73;773.0
1D_74;754.0
1D_75;773.0
1D_76;778.0
1D_77;794.0
1D_78;809.0
1D_79;820.0
1D_80;814.0
1D_81;823.0
1D_82;844.0
1D_83;879.0
1D_84;856.0
1D_85;870.0
1D_86;889.0
1D_87;898.0
1D_88;904.0
1D_89;920.0
1D_90;927.0
1D_91;928.0
1D_92;938.0
1D_93;947.0
1D_94;967.0
1D_95;967.0
1D_96;975.0
1D_97;982.0
1D_98;991.0
1D_99;1000.0
2D_0;2.0
2D_1;4.0
2D_2;6.0
2D_3;13.0
2D_4;16.0
2D_5;22.0
2D_6;28.0
2D_7;33.0
2D_8;38.0
2D_9;41.0
2D_10;54.0
2D_11;58.0
2D_12;63.0
2D_13;76.0
2D_14;84.0
2D_15;100.0
2D_16;110.0
2D_17;121.0
2D_18;133.0
2D_19;140.0
2D_20;163.0
2D_21;170.0
2D_22;190.0
2D_23;195.0
2D_24;227.0
2D_25;238.0
2D_26;249.0
2D_27;262.0
2D_28;284.0
2D_29;319.0
2D_30;321.0
2D_31;334.0
2D_32;355.0
2D_33;378.0
2D_34;399.0
2D_35;427.0
2D_36;451.0
2D_37;462.0
2D_38;500.0
2D_39;516.0
2D_40;532.0
2D_41;586.0
2D_42;580.0
2D_43;619.0
2D_44;643.0
2D_45;652.0
2D_46;691.0
2D_47;697.0
2D_48;720.0
2D_49;800.0
2D_50;815.0
2D_51;826.0
2D_52;839.0
2D_53;854.0
2D_54;878.0
2D_55;895.0
2D_56;927.0
2D_57;930.0
2D_58;916.0
2D_59;949.0
2D_60;946.0
2D_61;969.0
2D_62;973.0
2D_63;947.0
2D_64;981.0
2D_65;996.0
2D_66;993.0
2D_67;995.0
2D_68;980.0
2D_69;994.0
2D_70;996.0
2D_71;997.0
2D_72;1000.0
2D_73;1000.0
2D_74;1000.0
2D_75;1000.0
2D_76;1000.0
2D_77;1000.0
2D_78;1000.0
2D_79;1000.0
2D_80;1000.0
2D_81;1000.0
2D_82;1000.0
2D_83;1000.0
2D_84;1000.0
2D_85;1000.0
2D_86;1000.0
2D_87;1000.0
2D_88;1000.0
2D_89;1000.0
2D_90;1000.0
2D_91;1000.0
2D_92;1000.0
2D_93;1000.0
2D_94;1000.0
2D_95;1000.0
2D_96;1000.0
2D_97;1000.0
2D_98;1000.0
2D_99;1000.0
