election_id;value
ID 0.5;0.41231679916381836
IC 0.5;672.0770537853241
full;0.2224738597869873
empty;0.011448860168457031
background_id_0;0.11720013618469238
background_id_1;1.7318954467773438
background_id_2;0.2699284553527832
background_id_3;0.266754150390625
background_id_4;0.2738034725189209
background_id_5;0.27319812774658203
background_id_6;0.27333736419677734
background_id_7;0.29689717292785645
background_id_8;0.27802515029907227
background_id_9;1.4161224365234375
background_id_10;0.28484129905700684
background_id_11;0.2838594913482666
background_id_12;0.29431700706481934
background_id_13;0.32237792015075684
background_id_14;0.2927975654602051
background_id_15;1.4305131435394287
background_id_16;0.2948310375213623
background_id_17;0.3190484046936035
background_id_18;0.30637407302856445
background_id_19;0.30344247817993164
background_id_20;0.31426262855529785
background_id_21;0.3594372272491455
background_id_22;1.529881477355957
background_id_23;0.3331172466278076
background_id_24;0.344010591506958
background_id_25;0.34261441230773926
background_id_26;0.33223414421081543
background_id_27;0.36170029640197754
background_id_28;0.358320951461792
background_ic_0;0.21275973320007324
background_ic_1;22.679215908050537
background_ic_2;100.40562701225281
background_ic_3;761.5828149318695
background_ic_4;458.5681948661804
background_ic_5;391.1187644004822
background_ic_6;1011.5108540058136
background_ic_7;1088.2588748931885
background_ic_8;1551.254715204239
background_ic_9;259.8710136413574
background_ic_10;417.8664484024048
background_ic_11;300.3333306312561
background_ic_12;176.09097695350647
background_ic_13;184.2503604888916
background_ic_14;149.7678940296173
background_ic_15;93.65610790252686
background_ic_16;72.67668461799622
background_ic_17;82.6479082107544
background_ic_18;80.97231030464172
background_ic_19;42.634454011917114
background_ic_20;12.249715328216553
background_ic_21;55.93046712875366
background_ic_22;37.726258277893066
background_ic_23;1.150395154953003
background_ic_24;38.825122594833374
background_ic_25;1.0527610778808594
background_ic_26;0.6456971168518066
background_ic_27;0.8487462997436523
background_ic_28;0.7834632396697998
background_v1_0;0.08518099784851074
background_v1_1;1.6006321907043457
background_v1_2;0.19982242584228516
background_v1_3;0.33453917503356934
background_v1_4;0.41042327880859375
background_v1_5;0.46786952018737793
background_v1_6;0.5527312755584717
background_v1_7;0.7567439079284668
background_v1_8;1.9804041385650635
background_v1_9;0.7595596313476562
background_v1_10;0.940032958984375
background_v1_11;1.1548700332641602
background_v1_12;1.8618557453155518
background_v1_13;1.1754958629608154
background_v1_14;0.7545046806335449
background_v1_15;1.7510926723480225
background_v1_16;0.6369142532348633
background_v1_17;0.5784544944763184
background_v1_18;1.0988361835479736
background_v1_19;0.5621891021728516
background_v1_20;0.6309738159179688
background_v1_21;0.550290584564209
background_v1_22;1.913623571395874
background_v1_23;0.6670238971710205
background_v1_24;0.6194500923156738
background_v1_25;0.759476900100708
background_v1_26;0.6392016410827637
background_v1_27;0.4891691207885742
background_v1_28;0.5028390884399414
background_v2_0;0.0899665355682373
background_v2_1;0.16089081764221191
background_v2_2;0.18542098999023438
background_v2_3;0.46866869926452637
background_v2_4;1.5569088459014893
background_v2_5;1.3971502780914307
background_v2_6;22.83296489715576
background_v2_7;1.5151805877685547
background_v2_8;14.874692916870117
background_v2_9;7.5639495849609375
background_v2_10;14.377617359161377
background_v2_11;58.15756106376648
background_v2_12;5.620234966278076
background_v2_13;5.84238862991333
background_v2_14;43.52608299255371
background_v2_15;1.724832534790039
background_v2_16;2.2379531860351562
background_v2_17;2.6536900997161865
background_v2_18;1.7702770233154297
background_v2_19;1.3661551475524902
background_v2_20;0.9822125434875488
background_v2_21;1.17570161819458
background_v2_22;2.4670724868774414
background_v2_23;1.901595115661621
background_v2_24;0.6482088565826416
background_v2_25;0.792076826095581
background_v2_26;0.7996828556060791
background_v2_27;0.6200859546661377
background_v2_28;1.8031554222106934
background_v3_0;0.09627604484558105
background_v3_1;0.1659238338470459
background_v3_2;0.1656942367553711
background_v3_3;0.6675577163696289
background_v3_4;2.794684648513794
background_v3_5;9.61009168624878
background_v3_6;10.635536670684814
background_v3_7;13.477505922317505
background_v3_8;13.603887796401978
background_v3_9;12.720124006271362
background_v3_10;42.10923790931702
background_v3_11;13.426850318908691
background_v3_12;47.30095458030701
background_v3_13;15.308249235153198
background_v3_14;41.039045572280884
background_v3_15;19.340171813964844
background_v3_16;40.79211735725403
background_v3_17;6.925058603286743
background_v3_18;2.096452474594116
background_v3_19;19.463117837905884
background_v3_20;39.42759346961975
background_v3_21;3.0587751865386963
background_v3_22;3.2593023777008057
background_v3_23;1.005509853363037
background_v3_24;1.1469502449035645
background_v3_25;1.1149711608886719
background_v3_26;0.9416086673736572
background_v3_27;0.9636480808258057
background_v3_28;2.1577682495117188
background_h1_0;0.2089064121246338
background_h1_1;0.19145894050598145
background_h1_2;0.18708348274230957
background_h1_3;0.18455100059509277
background_h1_4;0.16629314422607422
background_h2_0;0.3342740535736084
background_h2_1;2.1536190509796143
background_h2_2;0.9505941867828369
background_h2_3;1.557962417602539
background_h2_4;3.763339042663574
background_h2_5;4.6126322746276855
background_h2_6;6.465983629226685
background_h2_7;6.210069417953491
background_h2_8;6.517915487289429
background_h3_0;0.34572458267211914
background_h3_1;0.5042698383331299
background_h3_2;0.8052637577056885
background_h3_3;0.9576780796051025
background_h3_4;51.52614951133728
background_h3_5;4.134389877319336
background_h3_6;7.656763792037964
background_h3_7;10.264240980148315
background_h3_8;12.581310033798218
background_h3_9;11.959001064300537
background_h3_10;15.372455358505249
background_h3_11;13.284005641937256
background_h4_0;0.524716854095459
background_h4_1;1.9653303623199463
background_h4_2;0.5465657711029053
background_h4_3;0.8964681625366211
background_h4_4;1.0414581298828125
background_h4_5;1.3778572082519531
background_h4_6;10.60407304763794
background_h4_7;50.546491861343384
background_h4_8;19.849406480789185
background_h4_9;37.40909934043884
background_h4_10;33.27898931503296
background_h4_11;15.881023168563843
background_h4_12;19.58266019821167
background_h5_0;0.5471653938293457
background_h5_1;0.6601181030273438
background_h5_2;1.9965968132019043
background_h5_3;1.3841841220855713
background_h5_4;0.6566817760467529
background_h5_5;1.4439187049865723
background_h5_6;1.8539464473724365
background_h5_7;36.88172483444214
background_h5_8;10.983675479888916
background_h5_9;14.344383239746094
background_h5_10;19.66941523551941
background_h5_11;22.07502269744873
background_h5_12;53.92282676696777
background_h5_13;17.339702129364014
background_h6_0;0.5696661472320557
background_h6_1;0.7914588451385498
background_h6_2;2.1436750888824463
background_h6_3;1.8514065742492676
background_h6_4;0.9398303031921387
background_h6_5;1.6678118705749512
background_h6_6;2.780211925506592
background_h6_7;1.9398314952850342
background_h6_8;1.5901999473571777
background_h6_9;9.463947534561157
background_h6_10;7.86095929145813
background_h6_11;13.807435512542725
background_h6_12;39.70521807670593
background_h7_0;0.6319897174835205
background_h7_1;0.8867166042327881
background_h7_2;0.7311837673187256
background_h7_3;2.0202698707580566
background_h7_4;0.6149077415466309
background_h7_5;1.2648530006408691
background_h7_6;1.2961032390594482
background_h7_7;1.101200819015503
background_h7_8;2.941065549850464
background_h7_9;9.897791385650635
background_h7_10;48.83928179740906
background_h7_11;1.909914255142212
background_h8_0;0.5602095127105713
background_h8_1;0.6253571510314941
background_h8_2;0.8049306869506836
background_h8_3;0.7581853866577148
background_h8_4;1.0106587409973145
background_h8_5;3.8914904594421387
background_h8_6;1.1672532558441162
background_h8_7;1.9283640384674072
background_h8_8;5.955196142196655
background_h9_0;0.5339081287384033
background_h9_1;0.725656270980835
background_h9_2;0.7422773838043213
background_h9_3;2.4181830883026123
background_h9_4;0.9690852165222168
1D_0;0.02855205535888672
1D_1;0.0461277961730957
1D_2;0.06300759315490723
1D_3;0.07749247550964355
1D_4;0.09645247459411621
1D_5;0.10512280464172363
1D_6;1.3883414268493652
1D_7;0.13020730018615723
1D_8;0.13823699951171875
1D_9;0.16750836372375488
1D_10;0.15978240966796875
1D_11;0.1663672924041748
1D_12;0.17419862747192383
1D_13;1.250861406326294
1D_14;0.1892545223236084
1D_15;0.18336129188537598
1D_16;0.19450998306274414
1D_17;0.18813848495483398
1D_18;0.19978022575378418
1D_19;0.20624518394470215
1D_20;1.301924467086792
1D_21;0.2074413299560547
1D_22;0.2099289894104004
1D_23;0.2069988250732422
1D_24;0.21485447883605957
1D_25;0.21745872497558594
1D_26;0.22515869140625
1D_27;1.2869203090667725
1D_28;0.24586176872253418
1D_29;0.22961115837097168
1D_30;0.21962451934814453
1D_31;0.2249317169189453
1D_32;0.2284390926361084
1D_33;1.3335766792297363
1D_34;0.2309103012084961
1D_35;0.2353987693786621
1D_36;0.23524236679077148
1D_37;0.26839160919189453
1D_38;0.25684428215026855
1D_39;0.267592191696167
1D_40;1.348909854888916
1D_41;0.2707347869873047
1D_42;0.25206613540649414
1D_43;0.26883625984191895
1D_44;0.27234959602355957
1D_45;0.2672879695892334
1D_46;0.26852846145629883
1D_47;1.3638877868652344
1D_48;0.2756683826446533
1D_49;0.2873704433441162
1D_50;0.28176379203796387
1D_51;0.2803952693939209
1D_52;0.2844274044036865
1D_53;1.4017553329467773
1D_54;0.3038489818572998
1D_55;0.29535341262817383
1D_56;0.28397417068481445
1D_57;0.299243688583374
1D_58;0.31319594383239746
1D_59;0.3094174861907959
1D_60;1.4021780490875244
1D_61;0.31542229652404785
1D_62;0.306485652923584
1D_63;0.30176305770874023
1D_64;0.3074455261230469
1D_65;0.3202662467956543
1D_66;0.314833402633667
1D_67;1.3911795616149902
1D_68;0.32623887062072754
1D_69;0.32045984268188477
1D_70;0.32409095764160156
1D_71;0.3306715488433838
1D_72;0.3314499855041504
1D_73;1.3934428691864014
1D_74;0.3389112949371338
1D_75;0.33766770362854004
1D_76;0.3444960117340088
1D_77;0.3316762447357178
1D_78;0.3238508701324463
1D_79;0.33365797996520996
1D_80;1.4397778511047363
1D_81;0.3327908515930176
1D_82;0.34251856803894043
1D_83;0.321516752243042
1D_84;0.336423397064209
1D_85;0.34003615379333496
1D_86;0.3517577648162842
1D_87;1.4141809940338135
1D_88;0.3526008129119873
1D_89;0.35859107971191406
1D_90;0.3595447540283203
1D_91;0.36158204078674316
1D_92;0.34997081756591797
1D_93;1.4116647243499756
1D_94;0.35872769355773926
1D_95;0.36849045753479004
1D_96;0.3520011901855469
1D_97;0.3968794345855713
1D_98;0.4112112522125244
1D_99;0.3569352626800537
2D_0;0.011835575103759766
2D_1;0.014466285705566406
2D_2;0.019271373748779297
2D_3;0.021419048309326172
2D_4;0.025029659271240234
2D_5;0.0291292667388916
2D_6;0.03551626205444336
2D_7;0.04393935203552246
2D_8;0.055306434631347656
2D_9;0.06339097023010254
2D_10;0.07395648956298828
2D_11;0.08895301818847656
2D_12;0.10129714012145996
2D_13;0.11381101608276367
2D_14;0.14507532119750977
2D_15;0.25218677520751953
2D_16;0.201704740524292
2D_17;0.220017671585083
2D_18;1.2352795600891113
2D_19;0.3290536403656006
2D_20;0.41779470443725586
2D_21;0.23704195022583008
2D_22;0.344437837600708
2D_23;0.24748826026916504
2D_24;0.27237653732299805
2D_25;1.3480134010314941
2D_26;0.26947760581970215
2D_27;0.30062413215637207
2D_28;0.2790646553039551
2D_29;0.2961595058441162
2D_30;0.28722190856933594
2D_31;0.28619909286499023
2D_32;1.3596460819244385
2D_33;0.4369678497314453
2D_34;0.3087146282196045
2D_35;0.321643590927124
2D_36;0.326979398727417
2D_37;0.30713677406311035
2D_38;1.4384145736694336
2D_39;0.3348119258880615
2D_40;0.3408176898956299
2D_41;0.3719024658203125
2D_42;0.5429034233093262
2D_43;0.3561079502105713
2D_44;0.3509409427642822
2D_45;1.595106840133667
2D_46;0.3712124824523926
2D_47;0.3662886619567871
2D_48;0.3781471252441406
2D_49;0.3963284492492676
2D_50;0.3851931095123291
2D_51;0.3861222267150879
2D_52;1.4853324890136719
2D_53;0.37250757217407227
2D_54;0.37744784355163574
2D_55;0.3828456401824951
2D_56;0.39379048347473145
2D_57;0.39214205741882324
2D_58;1.4521236419677734
2D_59;0.3801436424255371
2D_60;0.38398241996765137
2D_61;0.3897373676300049
2D_62;0.3810465335845947
2D_63;0.38935184478759766
2D_64;0.3798809051513672
2D_65;1.4927456378936768
2D_66;0.38320040702819824
2D_67;0.4325833320617676
2D_68;0.39131617546081543
2D_69;0.4209287166595459
2D_70;0.42712855339050293
2D_71;0.4266178607940674
2D_72;1.464493989944458
2D_73;0.4227924346923828
2D_74;0.43445920944213867
2D_75;0.4331481456756592
2D_76;0.4181952476501465
2D_77;0.4120504856109619
2D_78;1.4858183860778809
2D_79;0.4458272457122803
2D_80;0.410205602645874
2D_81;0.4353306293487549
2D_82;0.42054080963134766
2D_83;0.40816569328308105
2D_84;0.42598915100097656
2D_85;1.4846258163452148
2D_86;0.4232785701751709
2D_87;0.35265302658081055
2D_88;0.352130651473999
2D_89;0.411759614944458
2D_90;0.42654871940612793
2D_91;0.4014017581939697
2D_92;0.4001612663269043
2D_93;0.3856782913208008
2D_94;0.41292905807495117
2D_95;0.38329529762268066
2D_96;0.38051915168762207
2D_97;0.36556267738342285
2D_98;1.4322404861450195
2D_99;0.37705326080322266
