election_id;x;y
ID 0.5;0.40606;-0.59245
IC 0.5;-0.5966;-0.59245
full;-0.06543;0.2078
empty;-0.02459;-1.43445
background_id_0;0.08198;-1.39453
background_id_1;0.16358;-1.32572
background_id_2;0.22471;-1.24885
background_id_3;0.25769;-1.18945
background_id_4;0.28586;-1.13794
background_id_5;0.31873;-1.07609
background_id_6;0.33808;-1.01973
background_id_7;0.35259;-0.96717
background_id_8;0.37064;-0.90933
background_id_9;0.38407;-0.85769
background_id_10;0.38922;-0.80921
background_id_11;0.39987;-0.75398
background_id_12;0.40671;-0.70548
background_id_13;0.40766;-0.65701
background_id_14;0.40611;-0.59221
background_id_15;0.40497;-0.53256
background_id_16;0.39747;-0.48633
background_id_17;0.3903;-0.4306
background_id_18;0.38647;-0.38212
background_id_19;0.36893;-0.33128
background_id_20;0.35294;-0.27386
background_id_21;0.33927;-0.22153
background_id_22;0.31228;-0.17291
background_id_23;0.28521;-0.11525
background_id_24;0.25937;-0.06207
background_id_25;0.22106;-0.01417
background_id_26;0.17643;0.04332
background_id_27;0.1308;0.09813
background_id_28;0.07019;0.14787
background_ic_0;-0.08031;-1.39032
background_ic_1;-0.17725;-1.34378
background_ic_2;-0.25228;-1.2948
background_ic_3;-0.31711;-1.22435
background_ic_4;-0.36514;-1.17633
background_ic_5;-0.4182;-1.08876
background_ic_6;-0.45384;-1.04702
background_ic_7;-0.47903;-1.00737
background_ic_8;-0.51654;-0.93437
background_ic_9;-0.54232;-0.88031
background_ic_10;-0.55654;-0.81793
background_ic_11;-0.5776;-0.77192
background_ic_12;-0.59356;-0.7168
background_ic_13;-0.60293;-0.66452
background_ic_14;-0.60877;-0.60288
background_ic_15;-0.599;-0.53208
background_ic_16;-0.58218;-0.4811
background_ic_17;-0.59271;-0.42527
background_ic_18;-0.57477;-0.36582
background_ic_19;-0.55034;-0.31314
background_ic_20;-0.54303;-0.25377
background_ic_21;-0.50552;-0.19223
background_ic_22;-0.46867;-0.14245
background_ic_23;-0.44473;-0.08748
background_ic_24;-0.39493;-0.03153
background_ic_25;-0.34276;0.01653
background_ic_26;-0.2982;0.06412
background_ic_27;-0.22701;0.11911
background_ic_28;-0.15639;0.16508
background_v1_0;0.04236;-1.3838
background_v1_1;0.10347;-1.31782
background_v1_2;0.14019;-1.22338
background_v1_3;0.15811;-1.16355
background_v1_4;0.17189;-1.09763
background_v1_5;0.1671;-1.0101
background_v1_6;0.16943;-0.95502
background_v1_7;0.16483;-0.90272
background_v1_8;0.15614;-0.83104
background_v1_9;0.16156;-0.78613
background_v1_10;0.14617;-0.74008
background_v1_11;0.15223;-0.68791
background_v1_12;0.15036;-0.63736
background_v1_13;0.14395;-0.59132
background_v1_14;0.14218;-0.53937
background_v1_15;0.15052;-0.48987
background_v1_16;0.11694;-0.44639
background_v1_17;0.12429;-0.39565
background_v1_18;0.13084;-0.3492
background_v1_19;0.09682;-0.31006
background_v1_20;0.09802;-0.25404
background_v1_21;0.11501;-0.20818
background_v1_22;0.08423;-0.16735
background_v1_23;0.08378;-0.11239
background_v1_24;0.0964;-0.06359
background_v1_25;0.06025;-0.02303
background_v1_26;0.05184;0.03721
background_v1_27;0.03227;0.09174
background_v1_28;0.01081;0.14901
background_v2_0;0.00164;-1.37794
background_v2_1;0.02834;-1.3177
background_v2_2;0.03794;-1.19506
background_v2_3;0.0242;-1.12886
background_v2_4;0.00844;-1.04777
background_v2_5;-0.02527;-0.95403
background_v2_6;-0.05145;-0.89876
background_v2_7;-0.07279;-0.84667
background_v2_8;-0.07347;-0.78975
background_v2_9;-0.08949;-0.73718
background_v2_10;-0.10455;-0.69324
background_v2_11;-0.09547;-0.63856
background_v2_12;-0.12612;-0.59237
background_v2_13;-0.15136;-0.55284
background_v2_14;-0.13602;-0.50017
background_v2_15;-0.13189;-0.45148
background_v2_16;-0.17527;-0.41751
background_v2_17;-0.12296;-0.36959
background_v2_18;-0.17718;-0.32334
background_v2_19;-0.13208;-0.29018
background_v2_20;-0.12804;-0.23705
background_v2_21;-0.15007;-0.18923
background_v2_22;-0.09563;-0.16315
background_v2_23;-0.10126;-0.10374
background_v2_24;-0.11761;-0.04824
background_v2_25;-0.06624;-0.02171
background_v2_26;-0.07373;0.03938
background_v2_27;-0.0591;0.09709
background_v2_28;-0.04384;0.14772
background_v3_0;-0.04039;-1.37716
background_v3_1;-0.08953;-1.32767
background_v3_2;-0.1238;-1.22688
background_v3_3;-0.17532;-1.14798
background_v3_4;-0.2133;-1.07038
background_v3_5;-0.23168;-0.98523
background_v3_6;-0.28263;-0.94163
background_v3_7;-0.29557;-0.87842
background_v3_8;-0.30881;-0.81794
background_v3_9;-0.32952;-0.76739
background_v3_10;-0.37953;-0.73224
background_v3_11;-0.37515;-0.66234
background_v3_12;-0.40983;-0.62442
background_v3_13;-0.39616;-0.58074
background_v3_14;-0.37609;-0.51225
background_v3_15;-0.42285;-0.47303
background_v3_16;-0.3916;-0.4323
background_v3_17;-0.39415;-0.37814
background_v3_18;-0.40568;-0.32782
background_v3_19;-0.36878;-0.28912
background_v3_20;-0.35839;-0.23866
background_v3_21;-0.3489;-0.18403
background_v3_22;-0.31119;-0.14644
background_v3_23;-0.29471;-0.09078
background_v3_24;-0.27332;-0.03963
background_v3_25;-0.22619;-0.00388
background_v3_26;-0.19822;0.05184
background_v3_27;-0.1531;0.10366
background_v3_28;-0.10626;0.15154
background_h1_0;0.17543;-1.2283
background_h1_1;0.11102;-1.20855
background_h1_2;0.04053;-1.20793
background_h1_3;-0.08652;-1.22758
background_h1_4;-0.18572;-1.25584
background_h2_0;0.25978;-1.05403
background_h2_1;0.205;-1.03304
background_h2_2;0.1313;-1.00281
background_h2_3;0.06275;-0.97453
background_h2_4;-0.04581;-0.95524
background_h2_5;-0.12425;-0.95701
background_h2_6;-0.20155;-0.98394
background_h2_7;-0.29809;-1.02004
background_h2_8;-0.35252;-1.05677
background_h3_0;0.29901;-0.88223
background_h3_1;0.24655;-0.8658
background_h3_2;0.18553;-0.84931
background_h3_3;0.0953;-0.81633
background_h3_4;0.04072;-0.80591
background_h3_5;-0.03656;-0.78785
background_h3_6;-0.12515;-0.7983
background_h3_7;-0.19169;-0.79071
background_h3_8;-0.27191;-0.79454
background_h3_9;-0.33366;-0.83166
background_h3_10;-0.40873;-0.86313
background_h3_11;-0.46333;-0.90041
background_h4_0;0.3232;-0.73118
background_h4_1;0.26087;-0.71504
background_h4_2;0.19999;-0.69843
background_h4_3;0.09779;-0.67658
background_h4_4;0.02893;-0.65323
background_h4_5;-0.03307;-0.64532
background_h4_6;-0.11177;-0.63625
background_h4_7;-0.19607;-0.63743
background_h4_8;-0.25329;-0.6334
background_h4_9;-0.32755;-0.64954
background_h4_10;-0.41382;-0.68387
background_h4_11;-0.45717;-0.69885
background_h4_12;-0.53062;-0.74188
background_h5_0;0.32606;-0.57711
background_h5_1;0.26476;-0.56401
background_h5_2;0.2054;-0.5511
background_h5_3;0.10334;-0.5293
background_h5_4;0.03916;-0.51423
background_h5_5;-0.02918;-0.50207
background_h5_6;-0.08531;-0.50607
background_h5_7;-0.18502;-0.50097
background_h5_8;-0.23753;-0.49719
background_h5_9;-0.30367;-0.49931
background_h5_10;-0.4056;-0.52765
background_h5_11;-0.45314;-0.53581
background_h5_12;-0.49764;-0.54346
background_h5_13;-0.55186;-0.56965
background_h6_0;0.30871;-0.42429
background_h6_1;0.24119;-0.4142
background_h6_2;0.17486;-0.40122
background_h6_3;0.06677;-0.38726
background_h6_4;0.00441;-0.37943
background_h6_5;-0.05948;-0.37185
background_h6_6;-0.1456;-0.36903
background_h6_7;-0.23241;-0.36746
background_h6_8;-0.28878;-0.36722
background_h6_9;-0.34541;-0.37744
background_h6_10;-0.44216;-0.3857
background_h6_11;-0.49323;-0.39178
background_h6_12;-0.53881;-0.41404
background_h7_0;0.27512;-0.27523
background_h7_1;0.21246;-0.26582
background_h7_2;0.14833;-0.26005
background_h7_3;0.03899;-0.25103
background_h7_4;-0.01956;-0.24575
background_h7_5;-0.08311;-0.24262
background_h7_6;-0.19037;-0.23512
background_h7_7;-0.24643;-0.23436
background_h7_8;-0.29829;-0.23583
background_h7_9;-0.38916;-0.22905
background_h7_10;-0.43972;-0.24612
background_h7_11;-0.49137;-0.25039
background_h8_0;0.2084;-0.12193
background_h8_1;0.14134;-0.11572
background_h8_2;0.03206;-0.10879
background_h8_3;-0.03013;-0.10953
background_h8_4;-0.1268;-0.10013
background_h8_5;-0.1912;-0.09884
background_h8_6;-0.24715;-0.09841
background_h8_7;-0.33957;-0.08827
background_h8_8;-0.39497;-0.09452
background_h9_0;0.10003;0.03562
background_h9_1;-0.00054;0.0329
background_h9_2;-0.09107;0.04348
background_h9_3;-0.15514;0.04329
background_h9_4;-0.24242;0.05973
Disjoint g=2_0;-0.26447;-0.52102
Disjoint g=2_1;0.11498;-1.27556
Disjoint g=2_2;0.12138;-0.96526
Disjoint g=2_3;0.24853;-0.99263
Disjoint g=2_4;0.08703;-1.34319
Disjoint g=2_5;0.13424;-0.85626
Disjoint g=2_6;0.09784;-1.24331
Disjoint g=2_7;0.13937;-1.08889
Disjoint g=2_8;-0.15678;-0.66415
Disjoint g=2_9;0.0858;-1.17594
Disjoint g=2_10;0.14893;-1.05231
Disjoint g=2_11;0.10711;-0.62527
Disjoint g=2_12;0.0867;-1.14956
Disjoint g=2_13;0.01905;-0.9682
Disjoint g=2_14;-0.00702;-0.54427
Disjoint g=2_15;-0.03443;-0.87346
Disjoint g=2_16;0.01358;-0.71483
Disjoint g=2_17;-0.04006;-0.99963
Disjoint g=2_18;0.0162;-0.77343
Disjoint g=2_19;-0.3603;-0.69008
Disjoint g=2_20;-0.32813;-0.72367
Disjoint g=2_21;-0.32677;-0.51761
Disjoint g=2_22;0.00022;-1.30442
Disjoint g=2_23;-0.29645;-0.67694
Disjoint g=2_24;-0.17134;-0.83468
Disjoint g=2_25;-0.01644;-1.20518
Disjoint g=2_26;-0.33119;-0.57331
Disjoint g=2_27;-0.1286;-1.03754
Disjoint g=2_28;-0.22426;-0.95273
Disjoint g=2_29;-0.19266;-1.01215
Disjoint g=2_30;-0.10258;-1.20283
Disjoint g=2_31;-0.26542;-0.97846
Disjoint g=2_32;-0.26819;-0.67695
Disjoint g=2_33;-0.41875;-0.78388
Disjoint g=2_34;-0.26795;-0.82949
Disjoint g=2_35;-0.28928;-0.90022
Disjoint g=2_36;-0.20198;-1.18644
Disjoint g=2_37;-0.56;-0.64151
Disjoint g=2_38;-0.47506;-0.81403
Disjoint g=2_39;-0.2951;-1.00364
Disjoint g=2_40;-0.47775;-0.74978
Disjoint g=2_41;-0.4907;-0.69722
Disjoint g=2_42;-0.53668;-0.68683
Disjoint g=2_43;-0.51088;-0.78528
Disjoint g=2_44;-0.52092;-0.57268
Disjoint g=2_45;-0.4422;-0.96781
Disjoint g=2_46;-0.48401;-0.927
Disjoint g=2_47;-0.35194;-1.12361
Disjoint g=2_48;-0.25899;-1.24378
Disjoint g=2_49;-0.5424;-0.85233
Disjoint g=3_0;-0.22733;-0.8124
Disjoint g=3_1;0.03303;-1.01815
Disjoint g=3_2;-0.16172;-0.78021
Disjoint g=3_3;-0.15988;-0.88727
Disjoint g=3_4;0.0907;-1.29439
Disjoint g=3_5;0.14407;-1.13799
Disjoint g=3_6;-0.12449;-0.86356
Disjoint g=3_7;-0.37197;-0.82992
Disjoint g=3_8;-0.07002;-0.9166
Disjoint g=3_9;-0.21456;-0.75458
Disjoint g=3_10;0.06079;-1.26632
Disjoint g=3_11;0.02659;-1.24878
Disjoint g=3_12;0.09845;-1.12471
Disjoint g=3_13;0.03574;-1.29854
Disjoint g=3_14;-0.01009;-1.18014
Disjoint g=3_15;-0.06427;-1.04346
Disjoint g=3_16;-0.0206;-1.03208
Disjoint g=3_17;-0.00289;-0.86935
Disjoint g=3_18;-0.46117;-0.84696
Disjoint g=3_19;-0.41418;-0.92634
Disjoint g=3_20;-0.04986;-1.11285
Disjoint g=3_21;-0.11041;-0.77229
Disjoint g=3_22;-0.20153;-0.94088
Disjoint g=3_23;-0.41504;-0.81705
Disjoint g=3_24;-0.37251;-0.90469
Disjoint g=3_25;-0.08995;-1.25557
Disjoint g=3_26;-0.25881;-0.89049
Disjoint g=3_27;-0.36142;-0.80492
Disjoint g=3_28;-0.23276;-0.86314
Disjoint g=3_29;-0.2085;-1.10835
Disjoint g=3_30;-0.25898;-1.07013
Disjoint g=3_31;-0.14699;-1.0643
Disjoint g=3_32;-0.24057;-0.78938
Disjoint g=3_33;-0.27184;-1.12381
Disjoint g=3_34;-0.07646;-1.3213
Disjoint g=3_35;-0.33061;-0.92063
Disjoint g=3_36;-0.35734;-0.86074
Disjoint g=3_37;-0.23332;-1.11513
Disjoint g=3_38;-0.20385;-1.21333
Disjoint g=3_39;-0.36144;-0.96342
Disjoint g=3_40;-0.18495;-1.27733
Disjoint g=3_41;-0.29106;-1.08799
Disjoint g=3_42;-0.47933;-0.87521
Disjoint g=3_43;-0.42393;-0.95779
Disjoint g=3_44;-0.12485;-1.3458
Disjoint g=3_45;-0.1403;-1.34833
Disjoint g=3_46;-0.47682;-0.96296
Disjoint g=3_47;-0.21729;-1.31518
Disjoint g=3_48;-0.36927;-1.1563
Disjoint g=3_49;-0.50611;-0.97205
Disjoint g=4_0;0.06627;-1.06448
Disjoint g=4_1;0.07556;-1.01382
Disjoint g=4_2;0.05307;-1.10183
Disjoint g=4_3;-0.34887;-0.94223
Disjoint g=4_4;-0.01272;-0.91535
Disjoint g=4_5;0.03514;-1.15017
Disjoint g=4_6;-0.09527;-0.95323
Disjoint g=4_7;0.03561;-0.92554
Disjoint g=4_8;-0.11776;-0.90545
Disjoint g=4_9;-0.03917;-1.15511
Disjoint g=4_10;-0.15685;-0.92823
Disjoint g=4_11;-0.01101;-1.23644
Disjoint g=4_12;0.02577;-1.10229
Disjoint g=4_13;-0.01619;-1.15741
Disjoint g=4_14;0.01281;-1.19377
Disjoint g=4_15;-0.02424;-1.29033
Disjoint g=4_16;-0.11357;-1.14666
Disjoint g=4_17;0.0073;-1.32952
Disjoint g=4_18;-0.03797;-1.18614
Disjoint g=4_19;-0.01564;-1.32541
Disjoint g=4_20;-0.23385;-0.92646
Disjoint g=4_21;-0.13783;-0.97644
Disjoint g=4_22;-0.08816;-1.13295
Disjoint g=4_23;-0.13448;-1.20496
Disjoint g=4_24;-0.05043;-1.29174
Disjoint g=4_25;-0.08216;-1.21669
Disjoint g=4_26;-0.14312;-1.16349
Disjoint g=4_27;-0.2515;-0.99574
Disjoint g=4_28;-0.20561;-1.16164
Disjoint g=4_29;-0.19356;-1.05331
Disjoint g=4_30;-0.07782;-1.30047
Disjoint g=4_31;-0.17665;-1.20131
Disjoint g=4_32;-0.32653;-0.97586
Disjoint g=4_33;-0.36806;-0.99675
Disjoint g=4_34;-0.2481;-1.09199
Disjoint g=4_35;-0.3323;-1.00133
Disjoint g=4_36;-0.18621;-1.23909
Disjoint g=4_37;-0.23797;-1.13779
Disjoint g=4_38;-0.32232;-1.08466
Disjoint g=4_39;-0.16822;-1.29797
Disjoint g=4_40;-0.41005;-1.00288
Disjoint g=4_41;-0.36893;-1.03576
Disjoint g=4_42;-0.22397;-1.23315
Disjoint g=4_43;-0.33992;-1.13404
Disjoint g=4_44;-0.30318;-1.17061
Disjoint g=4_45;-0.29851;-1.19946
Disjoint g=4_46;-0.37446;-1.1199
Disjoint g=4_47;-0.43826;-1.02182
Disjoint g=4_48;-0.27924;-1.23449
Disjoint g=4_49;-0.16333;-1.35267
Disjoint g=5_0;-0.17559;-1.07783
Disjoint g=5_1;-0.1665;-1.01179
Disjoint g=5_2;0.00366;-0.99217
Disjoint g=5_3;-0.04919;-1.08664
Disjoint g=5_4;-0.17597;-0.96542
Disjoint g=5_5;0.03169;-1.0498
Disjoint g=5_6;-0.06507;-1.02244
Disjoint g=5_7;-0.01627;-0.97549
Disjoint g=5_8;-0.07459;-0.98609
Disjoint g=5_9;-0.00219;-1.12084
Disjoint g=5_10;-0.11955;-0.99266
Disjoint g=5_11;-0.02877;-1.23562
Disjoint g=5_12;-0.12682;-1.07544
Disjoint g=5_13;-0.09669;-1.05844
Disjoint g=5_14;-0.03748;-1.33217
Disjoint g=5_15;-0.23353;-1.02924
Disjoint g=5_16;-0.14674;-1.02656
Disjoint g=5_17;-0.18343;-1.10331
Disjoint g=5_18;-0.05141;-1.14143
Disjoint g=5_19;-0.03833;-1.21544
Disjoint g=5_20;-0.26638;-1.00974
Disjoint g=5_21;-0.26863;-1.04612
Disjoint g=5_22;-0.12874;-1.11848
Disjoint g=5_23;-0.05853;-1.25973
Disjoint g=5_24;-0.10355;-1.11408
Disjoint g=5_25;-0.25327;-1.11444
Disjoint g=5_26;-0.13488;-1.30079
Disjoint g=5_27;-0.29373;-1.10994
Disjoint g=5_28;-0.14134;-1.23235
Disjoint g=5_29;-0.11691;-1.24622
Disjoint g=5_30;-0.06067;-1.24184
Disjoint g=5_31;-0.23878;-1.05783
Disjoint g=5_32;-0.11289;-1.29296
Disjoint g=5_33;-0.09755;-1.31697
Disjoint g=5_34;-0.33403;-1.04327
Disjoint g=5_35;-0.30825;-1.0524
Disjoint g=5_36;-0.26628;-1.16044
Disjoint g=5_37;-0.35049;-1.09376
Disjoint g=5_38;-0.38468;-1.09488
Disjoint g=5_39;-0.2467;-1.20072
Disjoint g=5_40;-0.24191;-1.22547
Disjoint g=5_41;-0.36248;-1.13774
Disjoint g=5_42;-0.10604;-1.35819
Disjoint g=5_43;-0.23719;-1.27016
Disjoint g=5_44;-0.36606;-1.08508
Disjoint g=5_45;-0.37939;-1.06949
Disjoint g=5_46;-0.20301;-1.30219
Disjoint g=5_47;-0.34592;-1.18368
Disjoint g=5_48;-0.41479;-1.10582
Disjoint g=5_49;-0.39117;-1.1416
Disjoint g=6_0;-0.00942;-1.08979
Disjoint g=6_1;0.0147;-1.27623
Disjoint g=6_2;-0.17135;-1.05094
Disjoint g=6_3;-0.01502;-1.06654
Disjoint g=6_4;0.0756;-1.21132
Disjoint g=6_5;-0.08889;-1.07504
Disjoint g=6_6;-0.12223;-1.02064
Disjoint g=6_7;0.03116;-1.22546
Disjoint g=6_8;-0.04174;-1.04687
Disjoint g=6_9;-0.07713;-1.15916
Disjoint g=6_10;-0.02132;-1.12793
Disjoint g=6_11;-0.02909;-1.27619
Disjoint g=6_12;-0.08165;-1.10586
Disjoint g=6_13;-0.00144;-1.25596
Disjoint g=6_14;-0.10776;-1.16841
Disjoint g=6_15;-0.1213;-1.18961
Disjoint g=6_16;-0.14155;-1.13899
Disjoint g=6_17;-0.06253;-1.19242
Disjoint g=6_18;-0.1701;-1.19007
Disjoint g=6_19;-0.1509;-1.11393
Disjoint g=6_20;-0.17658;-1.12843
Disjoint g=6_21;-0.06276;-1.07069
Disjoint g=6_22;-0.18653;-1.16862
Disjoint g=6_23;-0.19716;-1.14091
Disjoint g=6_24;-0.08013;-1.19411
Disjoint g=6_25;-0.15851;-1.15854
Disjoint g=6_26;-0.05519;-1.30868
Disjoint g=6_27;-0.14294;-1.24949
Disjoint g=6_28;-0.11032;-1.26912
Disjoint g=6_29;-0.12965;-1.27837
Disjoint g=6_30;-0.26098;-1.13755
Disjoint g=6_31;-0.07042;-1.34232
Disjoint g=6_32;-0.21323;-1.08434
Disjoint g=6_33;-0.16604;-1.25002
Disjoint g=6_34;-0.27869;-1.1747
Disjoint g=6_35;-0.1605;-1.26983
Disjoint g=6_36;-0.2266;-1.19268
Disjoint g=6_37;-0.12118;-1.32771
Disjoint g=6_38;-0.331;-1.15408
Disjoint g=6_39;-0.20994;-1.26244
Disjoint g=6_40;-0.27309;-1.20769
Disjoint g=6_41;-0.21509;-1.2803
Disjoint g=6_42;-0.16451;-1.31967
Disjoint g=6_43;-0.3148;-1.13585
Disjoint g=6_44;-0.12187;-1.36628
Disjoint g=6_45;-0.25465;-1.25922
Disjoint g=6_46;-0.31988;-1.20379
Disjoint g=6_47;-0.25933;-1.26646
Disjoint g=6_48;-0.29843;-1.24427
Disjoint g=6_49;-0.28662;-1.26297
